delay,freq,condtion,thisN,thisTrialN,thisRepN,key_resp.keys,key_resp.rt,key_resp.duration,textbox.text,button.numClicks,button.timesOn,button.timesOff,trials.thisRepN,trials.thisTrialN,trials.thisN,trials.thisIndex,thisRow.t,notes,trial.started,polygon.started,polygon_2.started,key_resp.started,polygon.stopped,trial.stopped,trials.key_resp.keys,trials.key_resp.rt,trials.key_resp.duration,beep.started,sound_1.started,sound_1.stopped,beep.stopped,response.started,text.started,textbox.started,button.started,response.stopped,trials.textbox.text,trials.button.numClicks,trials.button.timesOn,trials.button.timesOff,participant,session,date,expName,expVersion,psychopyVersion,frameRate,expStart,
0.7,1000,exp,0,0,0,space,0.4644596250000177,None,300,1,[6.19865291699989],[6.198662666999553],0,0,0,6,0.040239582999674894,,0.03161787499993807,0.040239582999674894,0.9976643749996583,0.9976643749996583,1.0293490000003658,1.716290041999855,space,0.4644596250000177,None,1.7168760419999671,2.4229918336670986,2.8962851249998494,2.7114901670001927,2.714340667000215,2.8962851249998494,2.8962851249998494,2.8962851249998494,9.09530604199972,300,1,[6.19865291699989],[6.198662666999553],01,001,2025-11-10_21h20.08.283,Intentional Binding,,2025.1.1,120.40250557617891,2025-11-10 21h20.37.757503 +0530,
0.7,400,unexp,1,1,0,space,2.4164364580001347,None,350,1,[5.925299249999625],[5.925304708999647],0,1,1,3,9.100627208000333,,9.095577082999625,9.100627208000333,10.089848374999747,10.089848374999747,10.095988082999611,12.508263957999588,space,2.4164364580001347,None,12.510313916999621,13.21262474966649,13.51792504199966,13.501211124999827,13.502862833000108,13.51792504199966,13.51792504199966,13.51792504199966,19.44352620799964,350,1,[5.925299249999625],[5.925304708999647],01,001,2025-11-10_21h20.08.283,Intentional Binding,,2025.1.1,120.40250557617891,2025-11-10 21h20.37.757503 +0530,
0.1,1000,exp,2,2,0,space,2.6027828749993205,None,411,1,[8.914432790999854],[8.91443820800032],0,2,2,4,19.448858124999788,,19.443755792000047,19.448858124999788,20.44030891700004,20.44030891700004,20.446538166999744,23.04757866700038,space,2.6027828749993205,None,23.048805833000188,23.156871458666743,23.463998166999772,23.44566691700038,23.447599000000082,23.463998166999772,23.463998166999772,23.463998166999772,32.3787585,411,1,[8.914432790999854],[8.91443820800032],01,001,2025-11-10_21h20.08.283,Intentional Binding,,2025.1.1,120.40250557617891,2025-11-10 21h20.37.757503 +0530,
0.4,400,unexp,3,3,0,space,0.1892352499999106,None,97,1,[7.6640069590002895],[7.664012291999825],0,3,3,2,32.39031675000024,,32.37897591700039,32.39031675000024,33.37400808300026,33.37400808300026,33.380783542000245,33.56521049999992,space,0.1892352499999106,None,33.56667620799999,33.97426570866652,34.27975087499999,34.262650708000365,34.26441916699969,34.27975087499999,34.27975087499999,34.27975087499999,41.94405983300021,97,1,[7.6640069590002895],[7.664012291999825],01,001,2025-11-10_21h20.08.283,Intentional Binding,,2025.1.1,120.40250557617891,2025-11-10 21h20.37.757503 +0530,
0.4,1000,exp,4,4,0,space,0.11611474999972415,None,145,1,[6.441534208000121],[6.4415396249996775],0,4,4,5,41.94926370800022,,41.944278750000194,41.94926370800022,42.94135795800048,42.94135795800048,42.94770262499969,43.05955683299999,space,0.11611474999972415,None,43.06138091699995,43.46360558366656,43.76919170800011,43.75226895800006,43.75398587499967,43.76919170800011,43.76919170800011,43.76919170800011,50.211027000000286,145,1,[6.441534208000121],[6.4415396249996775],01,001,2025-11-10_21h20.08.283,Intentional Binding,,2025.1.1,120.40250557617891,2025-11-10 21h20.37.757503 +0530,
0.7,1000,exp,5,5,0,space,0.2695630419993904,None,278,1,[9.410631415999887],[9.410636624999825],0,5,5,15,50.21612925000045,,50.21123741700012,50.21612925000045,51.20800054200026,51.20800054200026,51.214158249999855,51.48268504200041,space,0.2695630419993904,None,51.4840711249999,52.191708374666874,52.497894707999876,52.48001304199988,52.48149720800029,52.497894707999876,52.497894707999876,52.497894707999876,61.908832000000075,278,1,[9.410631415999887],[9.410636624999825],01,001,2025-11-10_21h20.08.283,Intentional Binding,,2025.1.1,120.40250557617891,2025-11-10 21h20.37.757503 +0530,
0.1,400,unexp,6,6,0,space,0.23868804199992155,None,120,1,[11.392792624999856],[11.392798167000365],0,6,6,0,61.913734042000215,,61.90906958300002,61.913734042000215,62.899282958000185,62.899282958000185,62.90829374999976,63.14369995800007,space,0.23868804199992155,None,63.145637292000174,63.2469417916666,63.552329457999804,63.53601466700002,63.53739312499965,63.552329457999804,63.552329457999804,63.552329457999804,74.94542737499978,120,1,[11.392792624999856],[11.392798167000365],01,001,2025-11-10_21h20.08.283,Intentional Binding,,2025.1.1,120.40250557617891,2025-11-10 21h20.37.757503 +0530,
0.1,1000,exp,7,7,0,space,0.21612520799953927,None,51,1,[12.660045125000579],[12.660050875000707],0,7,7,13,74.95072520800022,,74.94564120799987,74.95072520800022,75.94223454199982,75.94223454199982,75.94842962500024,76.16083091699966,space,0.21612520799953927,None,76.16229112499968,76.26357829166706,76.57063191700036,76.55366729199977,76.55536520799978,76.57063191700036,76.57063191700036,76.57063191700036,89.23097679199964,51,1,[12.660045125000579],[12.660050875000707],01,001,2025-11-10_21h20.08.283,Intentional Binding,,2025.1.1,120.40250557617891,2025-11-10 21h20.37.757503 +0530,
0.7,1000,exp,8,8,0,space,86.08985658300026,None,330,1,[5.836501416999454],[5.836506624999856],0,8,8,12,89.2424249579999,,89.231200833,89.2424249579999,90.22586395800045,90.22586395800045,90.23206883300008,176.3210578750004,space,86.08985658300026,None,176.32225850000032,177.029198999667,177.33560254199983,177.3178004170004,177.3193619169997,177.33560254199983,177.33560254199983,177.33560254199983,183.17239524999968,330,1,[5.836501416999454],[5.836506624999856],01,001,2025-11-10_21h20.08.283,Intentional Binding,,2025.1.1,120.40250557617891,2025-11-10 21h20.37.757503 +0530,
0.1,1000,exp,9,9,0,space,30.033632542000305,None,110,1,[4.796936750000896],[4.796942125000896],0,9,9,10,183.17851916699965,,183.17261899999994,183.17851916699965,184.1686118329999,184.1686118329999,184.1686118329999,214.20403845800047,space,30.033632542000305,None,214.20546583299983,214.30590824966683,214.62004391699975,214.60245750000013,214.60426366699994,214.62004391699975,214.62004391699975,214.62004391699975,219.41728316700028,110,1,[4.796936750000896],[4.796942125000896],01,001,2025-11-10_21h20.08.283,Intentional Binding,,2025.1.1,120.40250557617891,2025-11-10 21h20.37.757503 +0530,
0.4,1000,exp,10,10,0,space,3.294350625000334,None,452,1,[10.392373207999299],[10.392379332999553],0,10,10,11,219.42260150000038,,219.41750841700014,219.42260150000038,220.41374408299998,220.41374408299998,220.42049829200005,223.7156209169998,space,3.294350625000334,None,223.7173295829998,224.12045591666654,224.42607729199972,224.40865233299974,224.41035091699996,224.42607729199972,224.42607729199972,224.42607729199972,234.81875195799967,452,1,[10.392373207999299],[10.392379332999553],01,001,2025-11-10_21h20.08.283,Intentional Binding,,2025.1.1,120.40250557617891,2025-11-10 21h20.37.757503 +0530,
0.4,400,unexp,11,11,0,space,31.77192054199986,None,78,1,[9.800317000000177],[9.800322541000241],0,11,11,1,234.83062087500002,,234.8189637080004,234.83062087500002,235.8144147920002,235.8144147920002,235.82123087499986,267.5905197920001,space,31.77192054199986,None,267.59260516700033,267.99887137466635,268.3041500830004,268.28718149999986,268.28903770800025,268.3041500830004,268.3041500830004,268.3041500830004,278.1047726249999,78,1,[9.800317000000177],[9.800322541000241],01,001,2025-11-10_21h20.08.283,Intentional Binding,,2025.1.1,120.40250557617891,2025-11-10 21h20.37.757503 +0530,
0.4,1000,exp,12,12,0,space,21.62796433299991,None,217,1,[20.432604958999946],[20.432609833999777],0,12,12,8,278.11570095800016,,278.104994583,278.11570095800016,279.0990200420001,279.0990200420001,279.10624912500043,300.7348431250002,space,21.62796433299991,None,300.736334792,301.13993095866704,301.44495350000034,301.4274771669998,301.42901354199967,301.44495350000034,301.44495350000034,301.44495350000034,321.87785345799966,217,1,[20.432604958999946],[20.432609833999777],01,001,2025-11-10_21h20.08.283,Intentional Binding,,2025.1.1,120.40250557617891,2025-11-10 21h20.37.757503 +0530,
0.1,1000,exp,13,13,0,space,20.590972500000134,None,337,1,[7.7512007919995085],[7.751205917000334],0,13,13,7,321.8830187499998,,321.8780648330003,321.8830187499998,322.87396270800036,322.87396270800036,322.87396270800036,343.4693328330004,space,20.590972500000134,None,343.4706428749996,343.5732462916669,343.8781662499996,343.8621455419998,343.8633787079998,343.8781662499996,343.8781662499996,343.8781662499996,351.62966691699967,337,1,[7.7512007919995085],[7.751205917000334],01,001,2025-11-10_21h20.08.283,Intentional Binding,,2025.1.1,120.40250557617891,2025-11-10 21h20.37.757503 +0530,
0.4,1000,exp,14,14,0,space,183.09940916600044,None,489,1,[166.38285695800005],[166.3828625419992],0,14,14,14,351.6355117920002,,351.62987904199963,351.6355117920002,352.6245012500003,352.6245012500003,352.6245012500003,535.7260669579991,space,183.09940916600044,None,535.7276908330005,536.1302601246664,536.4352616670003,536.4185003750008,536.4201945000004,536.4352616670003,536.4352616670003,536.4352616670003,702.818421,489,1,[166.38285695800005],[166.3828625419992],01,001,2025-11-10_21h20.08.283,Intentional Binding,,2025.1.1,120.40250557617891,2025-11-10 21h20.37.757503 +0530,
0.7,1000,exp,15,15,0,space,42.73005275000105,None,602,1,[7.059267707998515],[7.059273249999023],0,15,15,9,702.8289668329999,,702.8186344580008,702.8289668329999,703.8124399999997,703.8124399999997,703.8186123750002,746.5491985829995,space,42.73005275000105,None,746.5506176250001,747.2531957086669,747.5579335830007,747.5415937500002,747.5430484579992,747.5579335830007,747.5579335830007,747.5579335830007,754.6175072919996,602,1,[7.059267707998515],[7.059273249999023],01,001,2025-11-10_21h20.08.283,Intentional Binding,,2025.1.1,120.40250557617891,2025-11-10 21h20.37.757503 +0530,
0.4,1000,exp,16,0,1,space,0.2639145840003039,None,582,1,[3.707275541999479],[3.7072809170003893],1,0,16,5,754.6232881249998,,754.6177299999999,754.6232881249998,755.6139694169997,755.6139694169997,755.6207865420001,755.882573500001,space,0.2639145840003039,None,755.8845178749998,756.2865934996664,756.5910000830008,756.5749972499998,756.5764979579999,756.5910000830008,756.5910000830008,756.5910000830008,760.2985769580009,582,1,[3.707275541999479],[3.7072809170003893],01,001,2025-11-10_21h20.08.283,Intentional Binding,,2025.1.1,120.40250557617891,2025-11-10 21h20.37.757503 +0530,
0.7,1000,exp,17,1,1,space,0.7088672080008109,None,314 ,1,[2.347940457999357],[2.347945916999379],1,1,17,9,760.314099792,,760.2987966670007,760.314099792,761.2978588330006,761.2978588330006,761.3057249169997,762.0160196670004,space,0.7088672080008109,None,762.0175500419991,762.7205044586665,763.0252282919992,763.0086724579996,763.0104169170008,763.0252282919992,763.0252282919992,763.0252282919992,765.3735035000009,314 ,1,[2.347940457999357],[2.347945916999379],01,001,2025-11-10_21h20.08.283,Intentional Binding,,2025.1.1,120.40250557617891,2025-11-10 21h20.37.757503 +0530,
0.1,400,unexp,18,2,1,space,0.4742495410009724,None,444,1,[5.363839499999813],[5.363844917001188],1,2,18,0,765.3802754579992,,765.3737154169994,765.3802754579992,766.3708187499997,766.3708187499997,766.3708187499997,766.8494635419993,space,0.4742495410009724,None,766.8509464580002,766.9565627916675,767.2702099170001,767.2528188750002,767.2544177079999,767.2702099170001,767.2702099170001,767.2702099170001,772.6343528329999,444,1,[5.363839499999813],[5.363844917001188],01,001,2025-11-10_21h20.08.283,Intentional Binding,,2025.1.1,120.40250557617891,2025-11-10 21h20.37.757503 +0530,
0.1,1000,exp,19,3,1,space,0.7792600000011589,None,771,1,[3.3549782919999416],[3.3549850420004077],1,3,19,10,772.6400887079999,,772.6345592920006,772.6400887079999,773.6312798750005,773.6312798750005,773.6379596250008,774.4167686250003,space,0.7792600000011589,None,774.4182774580004,774.519825708667,774.8273573330007,774.8098903329992,774.8113297079999,774.8273573330007,774.8273573330007,774.8273573330007,778.1826715829993,771,1,[3.3549782919999416],[3.3549850420004077],01,001,2025-11-10_21h20.08.283,Intentional Binding,,2025.1.1,120.40250557617891,2025-11-10 21h20.37.757503 +0530,
0.4,1000,exp,20,4,1,space,0.1758472500005155,None,215,1,[2.754342166999777],[2.7543475839993334],1,4,20,14,778.1886381669992,,778.1828838330002,778.1886381669992,779.1817152919994,779.1817152919994,779.1817152919994,779.3666067499998,space,0.1758472500005155,None,779.3682210419993,779.7706797916674,780.0777332079997,780.0597629170006,780.0614872919996,780.0777332079997,780.0777332079997,780.0777332079997,782.8323798750007,215,1,[2.754342166999777],[2.7543475839993334],01,001,2025-11-10_21h20.08.283,Intentional Binding,,2025.1.1,120.40250557617891,2025-11-10 21h20.37.757503 +0530,
0.4,400,unexp,21,5,1,space,0.19812383299904468,None,135,1,[10.377962083999591],[10.377967292000903],1,5,21,1,782.8478599579994,,782.8326021249995,782.8478599579994,783.8224277080008,783.8224277080008,783.8375920830003,784.0223123750002,space,0.19812383299904468,None,784.0235552079994,784.4316786666661,784.7380467919993,784.7201516669993,784.7216196249992,784.7380467919993,784.7380467919993,784.7380467919993,795.1163131249996,135,1,[10.377962083999591],[10.377967292000903],01,001,2025-11-10_21h20.08.283,Intentional Binding,,2025.1.1,120.40250557617891,2025-11-10 21h20.37.757503 +0530,
0.4,400,unexp,22,6,1,space,0.2654575000015029,None,180,1,[3.9544004580002365],[3.9544056250015274],1,6,22,2,795.1321234580009,,795.1165234170003,795.1321234580009,796.1067613750001,796.1067613750001,796.1204135829994,796.373910708,space,0.2654575000015029,None,796.3755919169998,796.7820559996674,797.0873955419993,797.0705107079993,797.0723689999995,797.0873955419993,797.0873955419993,797.0873955419993,801.0420925830003,180,1,[3.9544004580002365],[3.9544056250015274],01,001,2025-11-10_21h20.08.283,Intentional Binding,,2025.1.1,120.40250557617891,2025-11-10 21h20.37.757503 +0530,
0.4,1000,exp,23,7,1,space,0.5223783330002334,None,435,1,[5.2409671250006795],[5.240972416999284],1,7,23,8,801.0479571670003,,801.0423016250006,801.0479571670003,802.0379720420005,802.0379720420005,802.0379720420005,802.5668815419995,space,0.5223783330002334,None,802.5682821669998,802.9716135416659,803.2773391669998,803.2603614580003,803.2618473750008,803.2773391669998,803.2773391669998,803.2773391669998,808.5186122499999,435,1,[5.2409671250006795],[5.240972416999284],01,001,2025-11-10_21h20.08.283,Intentional Binding,,2025.1.1,120.40250557617891,2025-11-10 21h20.37.757503 +0530,
0.7,1000,exp,24,8,1,space,0.45660483299980115,None,907,1,[4.450886250000622],[4.45089091599948],1,8,24,6,808.524082375001,,808.5188158750007,808.524082375001,809.5157298329996,809.5157298329996,809.5225003329997,809.9841219579994,space,0.45660483299980115,None,809.9858277080002,810.6881247916665,810.9920194580009,810.9765067080007,810.9779139170005,810.9920194580009,810.9920194580009,810.9920194580009,815.4432039170006,907,1,[4.450886250000622],[4.45089091599948],01,001,2025-11-10_21h20.08.283,Intentional Binding,,2025.1.1,120.40250557617891,2025-11-10 21h20.37.757503 +0530,
0.1,1000,exp,25,9,1,space,0.3543181660006667,None,664,1,[3.0763469160010573],[3.0763521660010156],1,9,25,13,815.4483884580004,,815.443414542,815.4483884580004,816.439097167,816.439097167,816.439097167,816.8016542919995,space,0.3543181660006667,None,816.8034680000001,816.9046608746669,817.2116612919999,817.194174708,817.1956568330006,817.2116612919999,817.2116612919999,817.2116612919999,820.2883176670002,664,1,[3.0763469160010573],[3.0763521660010156],01,001,2025-11-10_21h20.08.283,Intentional Binding,,2025.1.1,120.40250557617891,2025-11-10 21h20.37.757503 +0530,
0.7,400,unexp,26,10,1,space,0.30459254199922725,None,118,1,[3.929520458999832],[3.9295256249988597],1,10,26,3,820.2991352499994,,820.2885270419993,820.2991352499994,821.2829094999997,821.2829094999997,821.2901346250001,821.5915151669997,space,0.30459254199922725,None,821.5932117499997,822.2993434586663,822.6061639580003,822.5881422080001,822.5901262919997,822.6061639580003,822.6061639580003,822.6061639580003,826.5359944579995,118,1,[3.929520458999832],[3.9295256249988597],01,001,2025-11-10_21h20.08.283,Intentional Binding,,2025.1.1,120.40250557617891,2025-11-10 21h20.37.757503 +0530,
0.1,1000,exp,27,11,1,space,1.3469987499993294,None,730,1,[5.064239457999065],[5.064244707999023],1,11,27,4,826.5410327919999,,826.5361979999998,826.5410327919999,827.5327840829996,827.5327840829996,827.5390645000007,828.8851106250004,space,1.3469987499993294,None,828.8865624999999,828.9916476246674,829.3058429579996,829.2883433330007,829.2903533749995,829.3058429579996,829.3058429579996,829.3058429579996,834.3703913749996,730,1,[5.064239457999065],[5.064244707999023],01,001,2025-11-10_21h20.08.283,Intentional Binding,,2025.1.1,120.40250557617891,2025-11-10 21h20.37.757503 +0530,
0.4,1000,exp,28,12,1,space,0.32813762499972654,None,735,1,[4.2483312920012395],[4.248336917000415],1,12,28,11,834.3825082080002,,834.3705987920002,834.3825082080002,835.3664236669993,835.3664236669993,835.3728900419992,835.7013507079992,space,0.32813762499972654,None,835.7029222500005,836.1063639586666,836.4107464999997,836.3940834170007,836.3955371249995,836.4107464999997,836.4107464999997,836.4107464999997,840.6593956249999,735,1,[4.2483312920012395],[4.248336917000415],01,001,2025-11-10_21h20.08.283,Intentional Binding,,2025.1.1,120.40250557617891,2025-11-10 21h20.37.757503 +0530,
0.7,1000,exp,29,13,1,space,0.2932517910012393,None,500,1,[4.404799249999996],[4.404804167001203],1,13,29,12,840.6658358749992,,840.6596085000001,840.6658358749992,841.6575078330006,841.6575078330006,841.6575078330006,841.9585028750007,space,0.2932517910012393,None,841.9598637500003,842.6668042916665,842.9733702079993,842.9552677079992,842.957204667,842.9733702079993,842.9733702079993,842.9733702079993,847.3784826249994,500,1,[4.404799249999996],[4.404804167001203],01,001,2025-11-10_21h20.08.283,Intentional Binding,,2025.1.1,120.40250557617891,2025-11-10 21h20.37.757503 +0530,
0.1,1000,exp,30,14,1,space,1.305189500000779,None,640,1,[6.715127625000605],[6.715133208001134],1,14,30,7,847.3851013750009,,847.3787049170005,847.3851013750009,848.3739252079995,848.3739252079995,848.3833075420007,849.6853316670004,space,1.305189500000779,None,849.6865849580008,849.7893922086662,850.0946306250007,850.0778832920005,850.0793707079993,850.0946306250007,850.0946306250007,850.0946306250007,856.8100654579994,640,1,[6.715127625000605],[6.715133208001134],01,001,2025-11-10_21h20.08.283,Intentional Binding,,2025.1.1,120.40250557617891,2025-11-10 21h20.37.757503 +0530,
0.7,1000,exp,31,15,1,space,2.091252541000358,None,343,1,[25.01647050000065],[25.016475500000524],1,15,31,15,856.8163469169995,,856.8102791250003,856.8163469169995,857.8070617079993,857.8070617079993,857.8070617079993,859.9021487919999,space,2.091252541000358,None,859.9035345829998,860.6063493336662,860.9120495000006,860.8953817919992,860.8967713750008,860.9120495000006,860.9120495000006,860.9120495000006,885.928848083,343,1,[25.01647050000065],[25.016475500000524],01,001,2025-11-10_21h20.08.283,Intentional Binding,,2025.1.1,120.40250557617891,2025-11-10 21h20.37.757503 +0530,
0.7,400,unexp,32,0,2,space,117.65328562500144,None,280,1,[8.237065000001166],[8.237070041001061],2,0,32,3,885.9338437919996,,885.9290759579999,885.9338437919996,886.9244658749994,886.9244658749994,886.9244658749994,1004.5791847500004,space,117.65328562500144,None,1004.5805970830006,1005.2884759996671,1005.5948133330003,1005.5766727080008,1005.5785619170001,1005.5948133330003,1005.5948133330003,1005.5948133330003,1013.8321794580006,280,1,[8.237065000001166],[8.237070041001061],01,001,2025-11-10_21h20.08.283,Intentional Binding,,2025.1.1,120.40250557617891,2025-11-10 21h20.37.757503 +0530,
0.7,1000,exp,33,1,2,space,0.10125620899998466,None,422,1,[6.200560457999018],[6.200565667000774],2,1,33,12,1013.8377271249992,,1013.8323999999993,1013.8377271249992,1014.8283833749992,1014.8283833749992,1014.8283833749992,1014.9401831670002,space,0.10125620899998466,None,1014.9415792920008,1015.6449851246673,1015.9489290420006,1015.9327978330002,1015.9342656669996,1015.9489290420006,1015.9489290420006,1015.9489290420006,1022.1497972920006,422,1,[6.200560457999018],[6.200565667000774],01,001,2025-11-10_21h20.08.283,Intentional Binding,,2025.1.1,120.40250557617891,2025-11-10 21h20.37.757503 +0530,
0.1,1000,exp,34,2,2,space,15.788125582999783,None,409,1,[5.253558458000043],[5.253564166998331],2,2,34,7,1022.1548160000002,,1022.1500046250003,1022.1548160000002,1023.1450528749992,1023.1450528749992,1023.1450528749992,1038.9409746670008,space,15.788125582999783,None,1038.9424307080008,1039.0481746246662,1039.3616823329994,1039.344430792,1039.3461040000002,1039.3616823329994,1039.3616823329994,1039.3616823329994,1044.6155631250003,409,1,[5.253558458000043],[5.253564166998331],01,001,2025-11-10_21h20.08.283,Intentional Binding,,2025.1.1,120.40250557617891,2025-11-10 21h20.37.757503 +0530,
0.1,1000,exp,35,3,2,space,0.06150295800034655,None,226,1,[3.603347083000699],[3.6033520410001074],2,3,35,4,1044.6219660000006,,1044.615773292,1044.6219660000006,1045.6126322920009,1045.6126322920009,1045.6126322920009,1045.6804212080006,space,0.06150295800034655,None,1045.6818282919994,1045.789480124666,1046.0965578329997,1046.0780662079997,1046.0799815419996,1046.0965578329997,1046.0965578329997,1046.0965578329997,1049.7002135000002,226,1,[3.603347083000699],[3.6033520410001074],01,001,2025-11-10_21h20.08.283,Intentional Binding,,2025.1.1,120.40250557617891,2025-11-10 21h20.37.757503 +0530,
0.1,1000,exp,36,4,2,space,0.3031910000008793,None,100,1,[3.981041416000153],[3.981046666000111],2,4,36,10,1049.7054278329997,,1049.7004346249996,1049.7054278329997,1050.6960582079992,1050.6960582079992,1050.6960582079992,1051.0080858330002,space,0.3031910000008793,None,1051.0094450830002,1051.1154003336671,1051.4293271669994,1051.4113190829994,1051.4130362079995,1051.4293271669994,1051.4293271669994,1051.4293271669994,1055.410681458001,100,1,[3.981041416000153],[3.981046666000111],01,001,2025-11-10_21h20.08.283,Intentional Binding,,2025.1.1,120.40250557617891,2025-11-10 21h20.37.757503 +0530,
0.7,1000,exp,37,5,2,space,0.14095370799986995,None,430,1,[8.021415625000373],[8.021420208000563],2,5,37,9,1055.4226210830002,,1055.4108916669993,1055.4226210830002,1056.4063787920004,1056.4063787920004,1056.4129837500004,1056.5583100830008,space,0.14095370799986995,None,1056.5601913749997,1057.2623055416664,1057.568379583001,1057.5508347920004,1057.5522600000004,1057.568379583001,1057.568379583001,1057.568379583001,1065.590097458,430,1,[8.021415625000373],[8.021420208000563],01,001,2025-11-10_21h20.08.283,Intentional Binding,,2025.1.1,120.40250557617891,2025-11-10 21h20.37.757503 +0530,
0.4,1000,exp,38,6,2,space,1.9502675410003576,None,327,1,[5.37952525000037],[5.379530208001597],2,6,38,8,1065.5950452920006,,1065.5903522080007,1065.5950452920006,1066.5822723750007,1066.5822723750007,1066.5908162079995,1068.5421270419993,space,1.9502675410003576,None,1068.543562625,1068.946509749667,1069.2530984580007,1069.235215625,1069.2366678750004,1069.2530984580007,1069.2530984580007,1069.2530984580007,1074.6329423749994,327,1,[5.37952525000037],[5.379530208001597],01,001,2025-11-10_21h20.08.283,Intentional Binding,,2025.1.1,120.40250557617891,2025-11-10 21h20.37.757503 +0530,
0.7,1000,exp,39,7,2,space,0.6057134579987178,None,600,1,[9.074680666000859],[9.074686208001367],2,7,39,6,1074.6396136250005,,1074.6331585000007,1074.6396136250005,1075.6305687500007,1075.6305687500007,1075.6305687500007,1076.2421652499997,space,0.6057134579987178,None,1076.2436495000002,1076.9466291246665,1077.2534404580001,1077.2354272920002,1077.2368482500005,1077.2534404580001,1077.2534404580001,1077.2534404580001,1086.328437917,600,1,[9.074680666000859],[9.074686208001367],01,001,2025-11-10_21h20.08.283,Intentional Binding,,2025.1.1,120.40250557617891,2025-11-10 21h20.37.757503 +0530,
0.1,1000,exp,40,8,2,space,0.9265077089985425,None,80,1,[4.125287374999971],[4.125292790999083],2,8,40,13,1086.3401477919997,,1086.328647458,1086.3401477919997,1087.3232260000004,1087.3232260000004,1087.3281604999993,1088.2591939579997,space,0.9265077089985425,None,1088.2606427499995,1088.3624585416676,1088.6685190419994,1088.6517337919995,1088.653476167001,1088.6685190419994,1088.6685190419994,1088.6685190419994,1092.794130958,80,1,[4.125287374999971],[4.125292790999083],01,001,2025-11-10_21h20.08.283,Intentional Binding,,2025.1.1,120.40250557617891,2025-11-10 21h20.37.757503 +0530,
0.4,400,unexp,41,9,2,space,0.25767637500030105,None,275,1,[7.482591792000676],[7.482598458000211],2,9,41,2,1092.7993905000003,,1092.7943436250007,1092.7993905000003,1093.7910189169997,1093.7910189169997,1093.7978600000006,1094.0595472919995,space,0.25767637500030105,None,1094.0611694170002,1094.4640571246675,1094.768824625,1094.7519151670003,1094.7536401670004,1094.768824625,1094.768824625,1094.768824625,1102.2517492080005,275,1,[7.482591792000676],[7.482598458000211],01,001,2025-11-10_21h20.08.283,Intentional Binding,,2025.1.1,120.40250557617891,2025-11-10 21h20.37.757503 +0530,
0.4,400,unexp,42,10,2,space,0.0673817089991644,None,560,1,[1.2464272910001455],[1.2464321660008864],2,10,42,1,1102.2585641669993,,1102.2519629170001,1102.2585641669993,1103.247699042,1103.247699042,1103.247699042,1103.3259851250004,space,0.0673817089991644,None,1103.3273305420007,1103.7304089166666,1104.0378615419995,1104.0195854169997,1104.0210288750004,1104.0378615419995,1104.0378615419995,1104.0378615419995,1105.2845984169999,560,1,[1.2464272910001455],[1.2464321660008864],01,001,2025-11-10_21h20.08.283,Intentional Binding,,2025.1.1,120.40250557617891,2025-11-10 21h20.37.757503 +0530,
0.7,1000,exp,43,11,2,space,0.20452308300082223,None,150,1,[7.294191916000273],[7.294197291001183],2,11,43,15,1105.290419125,,1105.2848038749999,1105.290419125,1106.2806262079994,1106.2806262079994,1106.2806262079994,1106.4929315419995,space,0.20452308300082223,None,1106.4939455420008,1107.197044374667,1107.50311125,1107.485712875001,1107.4873270419994,1107.50311125,1107.50311125,1107.50311125,1114.7976189580004,150,1,[7.294191916000273],[7.294197291001183],01,001,2025-11-10_21h20.08.283,Intentional Binding,,2025.1.1,120.40250557617891,2025-11-10 21h20.37.757503 +0530,
0.4,1000,exp,44,12,2,space,1.8930496249995485,None,267,1,[4.874954167000396],[4.874959374999889],2,12,44,5,1114.8078895420003,,1114.7978323749994,1114.8078895420003,1115.7915108750003,1115.7915108750003,1115.7975035,1117.6932943749998,space,1.8930496249995485,None,1117.6946817499993,1118.0974565416675,1118.4030640830006,1118.3865140830003,1118.3879708330005,1118.4030640830006,1118.4030640830006,1118.4030640830006,1123.2783266250008,267,1,[4.874954167000396],[4.874959374999889],01,001,2025-11-10_21h20.08.283,Intentional Binding,,2025.1.1,120.40250557617891,2025-11-10 21h20.37.757503 +0530,
0.4,1000,exp,45,13,2,space,0.8595402920000197,None,573,1,[3.6474825410004996],[3.647487791000458],2,13,45,11,1123.2840570419994,,1123.2785358750007,1123.2840570419994,1124.2747828749998,1124.2747828749998,1124.2813862500007,1125.1433324169993,space,0.8595402920000197,None,1125.144646875,1125.5476463746675,1125.85504975,1125.8371186669992,1125.8389016250003,1125.85504975,1125.85504975,1125.85504975,1129.5028455829997,573,1,[3.6474825410004996],[3.647487791000458],01,001,2025-11-10_21h20.08.283,Intentional Binding,,2025.1.1,120.40250557617891,2025-11-10 21h20.37.757503 +0530,
0.4,1000,exp,46,14,2,space,0.9520034580000356,None,193,1,[2.1267848330007837],[2.126790415999494],2,14,46,14,1129.5078444169994,,1129.5030570830004,1129.5078444169994,1130.498244333001,1130.498244333001,1130.498244333001,1131.4605900000006,space,0.9520034580000356,None,1131.461941083,1131.8647476666667,1132.1697244999996,1132.153171,1132.1546456670003,1132.1697244999996,1132.1697244999996,1132.1697244999996,1134.2968245419997,193,1,[2.1267848330007837],[2.126790415999494],01,001,2025-11-10_21h20.08.283,Intentional Binding,,2025.1.1,120.40250557617891,2025-11-10 21h20.37.757503 +0530,
0.1,400,unexp,47,15,2,space,0.36941029200170306,None,49,1,[3.5382490000010876],[3.538253792001342],2,15,47,0,1134.3081297080007,,1134.297034833,1134.3081297080007,1135.2919472499998,1135.2919472499998,1135.2981204169992,1135.6662034170004,space,0.36941029200170306,None,1135.6676248330004,1135.7749247916674,1136.0819135830006,1136.0639408749994,1136.0656315420001,1136.0819135830006,1136.0819135830006,1136.0819135830006,1139.6204820420007,49,1,[3.5382490000010876],[3.538253792001342],01,001,2025-11-10_21h20.08.283,Intentional Binding,,2025.1.1,120.40250557617891,2025-11-10 21h20.37.757503 +0530,
0.4,1000,exp,48,0,3,space,0.23682374999953026,None,165,1,[6.999203708001005],[6.999208625000392],3,0,48,11,1139.6263678750001,,1139.6207025420008,1139.6263678750001,1140.6155495830008,1140.6155495830008,1140.6257957920006,1140.8604726249996,space,0.23682374999953026,None,1140.8618403330001,1141.2653246246666,1141.5693592080006,1141.5534265000006,1141.5548852499996,1141.5693592080006,1141.5693592080006,1141.5693592080006,1148.5688832920005,165,1,[6.999203708001005],[6.999208625000392],01,001,2025-11-10_21h20.08.283,Intentional Binding,,2025.1.1,120.40250557617891,2025-11-10 21h20.37.757503 +0530,
0.4,1000,exp,49,1,3,space,0.10017304200118815,None,104,1,[7.454099042000962],[7.454104333999567],3,1,49,8,1148.5750372919993,,1148.5690835829992,1148.5750372919993,1149.5659882500004,1149.5659882500004,1149.5659882500004,1149.667838333,space,0.10017304200118815,None,1149.6695438330007,1150.076073874667,1150.3820539169992,1150.364322042,1150.366249875,1150.3820539169992,1150.3820539169992,1150.3820539169992,1157.836467792,104,1,[7.454099042000962],[7.454104333999567],01,001,2025-11-10_21h20.08.283,Intentional Binding,,2025.1.1,120.40250557617891,2025-11-10 21h20.37.757503 +0530,
0.7,1000,exp,50,2,3,space,0.07913812500009954,None,645,1,[4.765506457999436],[4.765512082998612],3,2,50,6,1157.8420205420007,,1157.8366767919997,1157.8420205420007,1158.832967542001,1158.832967542001,1158.832967542001,1158.9172167920005,space,0.07913812500009954,None,1158.91858675,1159.626434541666,1159.931703667,1159.9145935420001,1159.9162831249996,1159.931703667,1159.931703667,1159.931703667,1164.6975258330003,645,1,[4.765506457999436],[4.765512082998612],01,001,2025-11-10_21h20.08.283,Intentional Binding,,2025.1.1,120.40250557617891,2025-11-10 21h20.37.757503 +0530,
0.1,1000,exp,51,3,3,space,0.47351091600103246,None,222,1,[9.15614425000058],[9.156149250000453],3,3,51,4,1164.7092271250003,,1164.6977334170006,1164.7092271250003,1165.69310925,1165.69310925,1165.6998892079991,1166.1779628330005,space,0.47351091600103246,None,1166.1793253329997,1166.2821643746668,1166.5876403750008,1166.5707182080005,1166.5724661250006,1166.5876403750008,1166.5876403750008,1166.5876403750008,1175.744104333,222,1,[9.15614425000058],[9.156149250000453],01,001,2025-11-10_21h20.08.283,Intentional Binding,,2025.1.1,120.40250557617891,2025-11-10 21h20.37.757503 +0530,
0.7,1000,exp,52,4,3,space,0.21465050000006158,None,902,1,[1.8481830000000627],[1.848188707999725],3,4,52,12,1175.7489956249992,,1175.7443199169993,1175.7489956249992,1176.7432490419997,1176.7432490419997,1176.7432490419997,1176.961890167,space,0.21465050000006158,None,1176.963638583,1177.6658524996658,1177.9712949170007,1177.9550115000002,1177.956444542,1177.9712949170007,1177.9712949170007,1177.9712949170007,1179.819838042,902,1,[1.8481830000000627],[1.848188707999725],01,001,2025-11-10_21h20.08.283,Intentional Binding,,2025.1.1,120.40250557617891,2025-11-10 21h20.37.757503 +0530,
0.7,1000,exp,53,5,3,space,0.5737943749991246,None,311,1,[4.460260500000004],[4.460266083000533],3,5,53,15,1179.8259540420004,,1179.8200533750005,1179.8259540420004,1180.8161419999997,1180.8161419999997,1180.8161419999997,1181.3950862500005,space,0.5737943749991246,None,1181.3964479999995,1182.0999889586658,1182.4046634170008,1182.3882164999995,1182.3897097499994,1182.4046634170008,1182.4046634170008,1182.4046634170008,1186.865237,311,1,[4.460260500000004],[4.460266083000533],01,001,2025-11-10_21h20.08.283,Intentional Binding,,2025.1.1,120.40250557617891,2025-11-10 21h20.37.757503 +0530,
0.1,1000,exp,54,6,3,space,0.034488667000914575,None,59,1,[2.2317634169994562],[2.2317687920003664],3,6,54,7,1186.8767396250005,,1186.8654383329995,1186.8767396250005,1187.8602195420008,1187.8602195420008,1187.8664614999998,1187.9014448750004,space,0.034488667000914575,None,1187.90283275,1188.0028889996668,1188.3167979579994,1188.2991796250008,1188.3010677500006,1188.3167979579994,1188.3167979579994,1188.3167979579994,1190.5488977919995,59,1,[2.2317634169994562],[2.2317687920003664],01,001,2025-11-10_21h20.08.283,Intentional Binding,,2025.1.1,120.40250557617891,2025-11-10 21h20.37.757503 +0530,
0.4,400,unexp,55,7,3,space,0.22209604199997557,None,451,1,[2.3719009589985944],[2.3719062089985528],3,7,55,2,1190.5602436249992,,1190.54911575,1190.5602436249992,1191.5437349999993,1191.5437349999993,1191.5505509579998,1191.7685847079993,space,0.22209604199997557,None,1191.7700542500006,1192.1772019586663,1192.4822922500007,1192.4655942919999,1192.4671847080008,1192.4822922500007,1192.4822922500007,1192.4822922500007,1194.854504125,451,1,[2.3719009589985944],[2.3719062089985528],01,001,2025-11-10_21h20.08.283,Intentional Binding,,2025.1.1,120.40250557617891,2025-11-10 21h20.37.757503 +0530,
0.7,400,unexp,56,8,3,space,0.26552620900110924,None,743,1,[6.253637167001216],[6.253642292000222],3,8,56,3,1194.8597114999993,,1194.8547203750004,1194.8597114999993,1195.8503472499997,1195.8503472499997,1195.8503472499997,1196.1186976249992,space,0.26552620900110924,None,1196.1203620420001,1196.8272800416673,1197.1331295,1197.1158740829997,1197.1175869580002,1197.1331295,1197.1331295,1197.1331295,1203.3870722499996,743,1,[6.253637167001216],[6.253642292000222],01,001,2025-11-10_21h20.08.283,Intentional Binding,,2025.1.1,120.40250557617891,2025-11-10 21h20.37.757503 +0530,
0.7,1000,exp,57,9,3,space,0.5297479159999057,None,377,1,[4.897319375000734],[4.897324875000777],3,9,57,9,1203.3933329579995,,1203.3872915419997,1203.3933329579995,1204.3831394169993,1204.3831394169993,1204.3831394169993,1204.9191880420003,space,0.5297479159999057,None,1204.9205805830006,1205.6276173746667,1205.9336314579996,1205.916116167,1205.9178168750004,1205.9336314579996,1205.9336314579996,1205.9336314579996,1210.8312684579996,377,1,[4.897319375000734],[4.897324875000777],01,001,2025-11-10_21h20.08.283,Intentional Binding,,2025.1.1,120.40250557617891,2025-11-10 21h20.37.757503 +0530,
0.4,1000,exp,58,10,3,space,0.5044779170002585,None,836,1,[3.7806793749987264],[3.7806849169992347],3,10,58,14,1210.8364792920001,,1210.8315010000006,1210.8364792920001,1211.8275052919998,1211.8275052919998,1211.833697,1212.3354571250002,space,0.5044779170002585,None,1212.336827833,1212.7446763336668,1213.0525372499997,1213.0328431670005,1213.0344452499994,1213.0525372499997,1213.0525372499997,1213.0525372499997,1216.8335375419992,836,1,[3.7806793749987264],[3.7806849169992347],01,001,2025-11-10_21h20.08.283,Intentional Binding,,2025.1.1,120.40250557617891,2025-11-10 21h20.37.757503 +0530,
0.1,400,unexp,59,11,3,space,0.4262027090007905,None,248,1,[4.112017916999321],[4.112023333998877],3,11,59,0,1216.844198375,,1216.8337419170002,1216.844198375,1217.827833583,1217.827833583,1217.8339883749995,1218.2628005829993,space,0.4262027090007905,None,1218.2641580420004,1218.367269833667,1218.6701807499994,1218.655796125,1218.6572740829997,1218.6701807499994,1218.6701807499994,1218.6701807499994,1222.7825376670007,248,1,[4.112017916999321],[4.112023333998877],01,001,2025-11-10_21h20.08.283,Intentional Binding,,2025.1.1,120.40250557617891,2025-11-10 21h20.37.757503 +0530,
0.1,1000,exp,60,12,3,space,0.4840898330003256,None,573,1,[3.327188750001369],[3.3271936670007562],3,12,60,13,1222.7942459999995,,1222.7827448749995,1222.7942459999995,1223.7780295419998,1223.7780295419998,1223.7847406250003,1224.2701515000008,space,0.4840898330003256,None,1224.2711254999995,1224.3781853746661,1224.684201,1224.6666190830001,1224.6683102919997,1224.684201,1224.684201,1224.684201,1228.0117242920005,573,1,[3.327188750001369],[3.3271936670007562],01,001,2025-11-10_21h20.08.283,Intentional Binding,,2025.1.1,120.40250557617891,2025-11-10 21h20.37.757503 +0530,
0.1,1000,exp,61,13,3,space,0.28250712500084774,None,192,1,[2.9529657080001925],[2.9529707500005316],3,13,61,10,1228.0166302920006,,1228.0119527919996,1228.0166302920006,1229.001728917001,1229.001728917001,1229.0113650830008,1229.2863794999994,space,0.28250712500084774,None,1229.2877114999992,1229.3951166246663,1229.7012641250003,1229.6833444170006,1229.6849564170006,1229.7012641250003,1229.7012641250003,1229.7012641250003,1232.6545504999995,192,1,[2.9529657080001925],[2.9529707500005316],01,001,2025-11-10_21h20.08.283,Intentional Binding,,2025.1.1,120.40250557617891,2025-11-10 21h20.37.757503 +0530,
0.4,400,unexp,62,14,3,space,1.1711167080011364,None,968,1,[3.8750312920001306],[3.87503687500066],3,14,62,1,1232.6607682079994,,1232.65475625,1232.6607682079994,1233.6510842499993,1233.6510842499993,1233.6510842499993,1234.8300586250007,space,1.1711167080011364,None,1234.831613708,1235.2342588336671,1235.5407863330001,1235.5234558329994,1235.5251480419993,1235.5407863330001,1235.5407863330001,1235.5407863330001,1239.416138875,968,1,[3.8750312920001306],[3.87503687500066],01,001,2025-11-10_21h20.08.283,Intentional Binding,,2025.1.1,120.40250557617891,2025-11-10 21h20.37.757503 +0530,
0.4,1000,exp,63,15,3,space,0.8819503329996223,None,688,1,[8.106730584000616],[8.10673591700106],3,15,63,5,1239.4279679169995,,1239.4163452920002,1239.4279679169995,1240.4115618750002,1240.4115618750002,1240.4178965829997,1241.2970459169992,space,0.8819503329996223,None,1241.2986076670004,1241.701771041666,1242.008485542001,1241.9902177080003,1241.9919529580002,1242.008485542001,1242.008485542001,1242.008485542001,1250.1155456670003,688,1,[8.106730584000616],[8.10673591700106],01,001,2025-11-10_21h20.08.283,Intentional Binding,,2025.1.1,120.40250557617891,2025-11-10 21h20.37.757503 +0530,
0.4,1000,exp,64,0,4,space,0.24455250000028173,None,580,1,[4.4903044999991835],[4.490310249999311],4,0,64,8,1250.120673292,,1250.1157776670007,1250.120673292,1251.1121523330003,1251.1121523330003,1251.1190853330008,1251.3642321669995,space,0.24455250000028173,None,1251.3658167920003,1251.768606249667,1252.0745905000003,1252.057629125,1252.0590970419998,1252.0745905000003,1252.0745905000003,1252.0745905000003,1256.5652170829999,580,1,[4.4903044999991835],[4.490310249999311],01,001,2025-11-10_21h20.08.283,Intentional Binding,,2025.1.1,120.40250557617891,2025-11-10 21h20.37.757503 +0530,
0.4,400,unexp,65,1,4,space,0.2813252920004743,None,465,1,[2.5817554160003056],[2.5817608750003274],4,1,65,1,1256.5705050420001,,1256.5654257080005,1256.5705050420001,1257.56236025,1257.56236025,1257.5691472500002,1257.8477335829994,space,0.2813252920004743,None,1257.8493448749996,1258.2520143336662,1258.5570067919998,1258.540358917,1258.5421203330006,1258.5570067919998,1258.5570067919998,1258.5570067919998,1261.1390889169998,465,1,[2.5817554160003056],[2.5817608750003274],01,001,2025-11-10_21h20.08.283,Intentional Binding,,2025.1.1,120.40250557617891,2025-11-10 21h20.37.757503 +0530,
0.1,1000,exp,66,2,4,space,0.5775196670001606,None,326,1,[3.068441958999756],[3.0684472089997143],4,2,66,13,1261.1450096669996,,1261.1393001249999,1261.1450096669996,1262.1352687079998,1262.1352687079998,1262.1352687079998,1262.7252656670007,space,0.5775196670001606,None,1262.7258205830003,1262.8294329996663,1263.1372484170006,1263.1178855830003,1263.120415583,1263.1372484170006,1263.1372484170006,1263.1372484170006,1266.2059990420003,326,1,[3.068441958999756],[3.0684472089997143],01,001,2025-11-10_21h20.08.283,Intentional Binding,,2025.1.1,120.40250557617891,2025-11-10 21h20.37.757503 +0530,
0.4,1000,exp,67,3,4,space,0.09175841599972046,None,229 ,1,[2.239801334000731],[2.239806875000795],4,3,67,11,1266.211854917001,,1266.2062112080002,1266.211854917001,1267.2021325000005,1267.2021325000005,1267.2021325000005,1267.2976621670005,space,0.09175841599972046,None,1267.298928708,1267.701871833666,1268.0086964170005,1267.9912486249996,1267.9930381670001,1268.0086964170005,1268.0086964170005,1268.0086964170005,1270.248835167,229 ,1,[2.239801334000731],[2.239806875000795],01,001,2025-11-10_21h20.08.283,Intentional Binding,,2025.1.1,120.40250557617891,2025-11-10 21h20.37.757503 +0530,
0.7,1000,exp,68,4,4,space,0.2467603750010312,None,778,1,[3.1952732919999107],[3.19527887500044],4,4,68,6,1270.2546118749997,,1270.2490534999997,1270.2546118749997,1271.2461548329993,1271.2461548329993,1271.2530234170008,1271.4978185420005,space,0.2467603750010312,None,1271.499211458,1272.2020037496661,1272.5054102079994,1272.4903893749997,1272.491941667,1272.5054102079994,1272.5054102079994,1272.5054102079994,1275.7010112919997,778,1,[3.1952732919999107],[3.19527887500044],01,001,2025-11-10_21h20.08.283,Intentional Binding,,2025.1.1,120.40250557617891,2025-11-10 21h20.37.757503 +0530,
0.7,1000,exp,69,5,4,space,0.32796187500025553,None,380,1,[6.826047582999308],[6.826053167000282],4,5,69,15,1275.712426958,,1275.701213417,1275.712426958,1276.6959197079996,1276.6959197079996,1276.702278750001,1277.031348083001,space,0.32796187500025553,None,1277.032954458,1277.735507458667,1278.0395005419996,1278.0242667080001,1278.0257702920007,1278.0395005419996,1278.0395005419996,1278.0395005419996,1284.865871,380,1,[6.826047582999308],[6.826053167000282],01,001,2025-11-10_21h20.08.283,Intentional Binding,,2025.1.1,120.40250557617891,2025-11-10 21h20.37.757503 +0530,
0.1,400,unexp,70,6,4,space,0.18190654099998937,None,231,1,[7.1764168749996315],[7.176422415999696],4,6,70,0,1284.870294208,,1284.8660750830004,1284.870294208,1285.863111875,1285.863111875,1285.863111875,1286.0481184580003,space,0.18190654099998937,None,1286.049345042,1286.152534541667,1286.4580445829997,1286.4410379580004,1286.4425161670006,1286.4580445829997,1286.4580445829997,1286.4580445829997,1293.6347814580004,231,1,[7.1764168749996315],[7.176422415999696],01,001,2025-11-10_21h20.08.283,Intentional Binding,,2025.1.1,120.40250557617891,2025-11-10 21h20.37.757503 +0530,
0.4,400,unexp,71,7,4,space,0.3298814580011822,None,178,1,[3.743301374999646],[3.743307000000641],4,7,71,2,1293.6461155830002,,1293.635014333,1293.6461155830002,1294.6301737920003,1294.6301737920003,1294.6373747079997,1294.9650490420008,space,0.3298814580011822,None,1294.9664170830001,1295.369370374667,1295.6747186249995,1295.6575424580005,1295.6590542079994,1295.6747186249995,1295.6747186249995,1295.6747186249995,1299.4183544579992,178,1,[3.743301374999646],[3.743307000000641],01,001,2025-11-10_21h20.08.283,Intentional Binding,,2025.1.1,120.40250557617891,2025-11-10 21h20.37.757503 +0530,
0.4,1000,exp,72,8,4,space,0.2743032079997647,None,610,1,[2.9672319580004114],[2.9672384160003276],4,8,72,14,1299.4296446249991,,1299.4185700420003,1299.4296446249991,1300.4135547080004,1300.4135547080004,1300.4204652919998,1300.698565625,space,0.2743032079997647,None,1300.6999610830007,1301.102836291666,1301.4062124169996,1301.3914012919995,1301.392743292001,1301.4062124169996,1301.4062124169996,1301.4062124169996,1304.3737917920007,610,1,[2.9672319580004114],[2.9672384160003276],01,001,2025-11-10_21h20.08.283,Intentional Binding,,2025.1.1,120.40250557617891,2025-11-10 21h20.37.757503 +0530,
0.7,400,unexp,73,9,4,space,0.2954153339996992,None,404,1,[8.114109792000818],[8.114115624999613],4,9,73,3,1304.3795791249995,,1304.3740087080005,1304.3795791249995,1305.3705525000005,1305.3705525000005,1305.3705525000005,1305.6709233330002,space,0.2954153339996992,None,1305.6722720420003,1306.3803525836668,1306.6858121250007,1306.6691515420007,1306.6710873329994,1306.6858121250007,1306.6858121250007,1306.6858121250007,1314.8002649999999,404,1,[8.114109792000818],[8.114115624999613],01,001,2025-11-10_21h20.08.283,Intentional Binding,,2025.1.1,120.40250557617891,2025-11-10 21h20.37.757503 +0530,
0.7,1000,exp,74,10,4,space,3.07712999999967,None,945,1,[6.882101416998921],[6.882106458000635],4,10,74,9,1314.8054392499998,,1314.800483375,1314.8054392499998,1315.7973429169997,1315.7973429169997,1315.8042884170009,1318.8826545419997,space,3.07712999999967,None,1318.8842998330001,1319.5867496666672,1319.8930707079999,1319.8753756669994,1319.8768789580008,1319.8930707079999,1319.8930707079999,1319.8930707079999,1326.7755013330006,945,1,[6.882101416998921],[6.882106458000635],01,001,2025-11-10_21h20.08.283,Intentional Binding,,2025.1.1,120.40250557617891,2025-11-10 21h20.37.757503 +0530,
0.1,1000,exp,75,11,4,space,0.3446973749996687,None,300,1,[3.0125143749992276],[3.012519916999736],4,11,75,7,1326.7805066670007,,1326.7757125829994,1326.7805066670007,1327.7719206250003,1327.7719206250003,1327.7719206250003,1328.1216748749994,space,0.3446973749996687,None,1328.1228119579991,1328.230974416667,1328.5363192919995,1328.5196113750007,1328.5212935420004,1328.5363192919995,1328.5363192919995,1328.5363192919995,1331.5491700420007,300,1,[3.0125143749992276],[3.012519916999736],01,001,2025-11-10_21h20.08.283,Intentional Binding,,2025.1.1,120.40250557617891,2025-11-10 21h20.37.757503 +0530,
0.1,1000,exp,76,12,4,space,0.3868725419997645,None,150,1,[2.925985624999157],[2.9259907079995173],4,12,76,10,1331.5644587919996,,1331.54937375,1331.5644587919996,1332.5478409999996,1332.5478409999996,1332.5550997080009,1332.9390475,space,0.3868725419997645,None,1332.9404467500008,1333.0408630416662,1333.3551192920004,1333.3364799169995,1333.3384497499992,1333.3551192920004,1333.3551192920004,1333.3551192920004,1336.281428958,150,1,[2.925985624999157],[2.9259907079995173],01,001,2025-11-10_21h20.08.283,Intentional Binding,,2025.1.1,120.40250557617891,2025-11-10 21h20.37.757503 +0530,
0.4,1000,exp,77,13,4,space,0.06604937500014785,None,30,1,[5.332024708999597],[5.33202991699909],4,13,77,5,1336.286417292,,1336.2816656670002,1336.286417292,1337.271743542,1337.271743542,1337.2811117919991,1337.3399806670004,space,0.06604937500014785,None,1337.3416721249996,1337.748075458667,1338.0539908329993,1338.0365451670004,1338.0385845,1338.0539908329993,1338.0539908329993,1338.0539908329993,1343.3863657919992,30,1,[5.332024708999597],[5.33202991699909],01,001,2025-11-10_21h20.08.283,Intentional Binding,,2025.1.1,120.40250557617891,2025-11-10 21h20.37.757503 +0530,
0.1,1000,exp,78,14,4,space,0.24121041699982015,None,25,1,[2.50965350000115],[2.50965883400022],4,14,78,4,1343.3978409169995,,1343.3865715829997,1343.3978409169995,1344.3815853750002,1344.3815853750002,1344.3878992080008,1344.633466792,space,0.24121041699982015,None,1344.6351656669995,1344.7366022496665,1345.0429512080009,1345.0260264999997,1345.0275092079992,1345.0429512080009,1345.0429512080009,1345.0429512080009,1347.5529353750007,25,1,[2.50965350000115],[2.50965883400022],01,001,2025-11-10_21h20.08.283,Intentional Binding,,2025.1.1,120.40250557617891,2025-11-10 21h20.37.757503 +0530,
0.7,1000,exp,79,15,4,space,0.033951167000850546,None,115,1,[4.287616834000801],[4.2876221670012455],4,15,79,12,1347.5643849579992,,1347.5531340420002,1347.5643849579992,1348.5479865830002,1348.5479865830002,1348.5547242499997,1348.5925348750006,space,0.033951167000850546,None,1348.59307325,1349.2983804996659,1349.6039260420002,1349.5867987500005,1349.588579542,1349.6039260420002,1349.6039260420002,1349.6039260420002,1353.8918817920003,115,1,[4.287616834000801],[4.2876221670012455],01,001,2025-11-10_21h20.08.283,Intentional Binding,,2025.1.1,120.40250557617891,2025-11-10 21h20.37.757503 +0530,
0.1,1000,exp,80,0,5,space,0.12064170800113061,None,122,1,[6.224186166999061],[6.22419141699902],5,0,80,10,1353.8976844579993,,1353.892082167,1353.8976844579993,1354.8883150000001,1354.8883150000001,1354.8883150000001,1355.0169262500003,space,0.12064170800113061,None,1355.0184862919996,1355.120356083666,1355.4268930830003,1355.4094258749992,1355.4109522500003,1355.4268930830003,1355.4268930830003,1355.4268930830003,1361.6514194169995,122,1,[6.224186166999061],[6.22419141699902],01,001,2025-11-10_21h20.08.283,Intentional Binding,,2025.1.1,120.40250557617891,2025-11-10 21h20.37.757503 +0530,
0.7,1000,exp,81,1,5,space,0.24864837499990244,None,231,1,[7.7403917080009705],[7.7403972080010135],5,1,81,12,1361.6566110000003,,1361.651619792001,1361.6566110000003,1362.6485747919996,1362.6485747919996,1362.655308292,1362.9005031670004,space,0.24864837499990244,None,1362.9022138750006,1363.6046867086663,1363.9090771249994,1363.8933835829994,1363.8949452920006,1363.9090771249994,1363.9090771249994,1363.9090771249994,1371.649810375,231,1,[7.7403917080009705],[7.7403972080010135],01,001,2025-11-10_21h20.08.283,Intentional Binding,,2025.1.1,120.40250557617891,2025-11-10 21h20.37.757503 +0530,
0.4,1000,exp,82,2,5,space,0.32122666600116645,None,583,1,[7.047764875000212],[7.047769791999599],5,2,82,11,1371.6650783330006,,1371.6500112079993,1371.6650783330006,1372.6395229169993,1372.6395229169993,1372.6547771250007,1372.9671547079997,space,0.32122666600116645,None,1372.9688587500004,1373.3717891246672,1373.6777178749999,1373.660227667,1373.6619886249991,1373.6777178749999,1373.6777178749999,1373.6777178749999,1380.7258042920002,583,1,[7.047764875000212],[7.047769791999599],01,001,2025-11-10_21h20.08.283,Intentional Binding,,2025.1.1,120.40250557617891,2025-11-10 21h20.37.757503 +0530,
0.4,1000,exp,83,3,5,space,0.2121738749992801,None,900,1,[6.430014125000525],[6.4300194999996165],5,3,83,14,1380.7317278749997,,1380.7260222500008,1380.7317278749997,1381.7231718750008,1381.7231718750008,1381.7231718750008,1381.9407418329993,space,0.2121738749992801,None,1381.9417593750004,1382.3492504166663,1382.655294708,1382.6377759999996,1382.6395576249997,1382.655294708,1382.655294708,1382.655294708,1389.0856529579996,900,1,[6.430014125000525],[6.4300194999996165],01,001,2025-11-10_21h20.08.283,Intentional Binding,,2025.1.1,120.40250557617891,2025-11-10 21h20.37.757503 +0530,
0.4,1000,exp,84,4,5,space,1.1805190830000356,None,464,1,[4.3079925419988285],[4.307997832998808],5,4,84,8,1389.0908032919997,,1389.085868917,1389.0908032919997,1390.0830421249993,1390.0830421249993,1390.0903972079996,1391.2677745830006,space,1.1805190830000356,None,1391.2691565000005,1391.6721374166666,1391.9798998330007,1391.9607496669996,1391.9625966250005,1391.9798998330007,1391.9798998330007,1391.9798998330007,1396.2882358330007,464,1,[4.3079925419988285],[4.307997832998808],01,001,2025-11-10_21h20.08.283,Intentional Binding,,2025.1.1,120.40250557617891,2025-11-10 21h20.37.757503 +0530,
0.4,400,unexp,85,5,5,space,0.2241745829996944,None,79,1,[3.4914856249997683],[3.4914911249998113],5,5,85,1,1396.2992077920007,,1396.2884395830006,1396.2992077920007,1397.2831724579992,1397.2831724579992,1397.2896554170002,1397.518041292,space,0.2241745829996944,None,1397.519433292,1397.9222612916658,1398.2277088749997,1398.210874667,1398.2127446249997,1398.2277088749997,1398.2277088749997,1398.2277088749997,1401.7195514579998,79,1,[3.4914856249997683],[3.4914911249998113],01,001,2025-11-10_21h20.08.283,Intentional Binding,,2025.1.1,120.40250557617891,2025-11-10 21h20.37.757503 +0530,
0.4,400,unexp,86,6,5,space,0.27686316700055613,None,65,1,[5.4075977920001606],[5.407603084000584],5,6,86,2,1401.725387167,,1401.7197617919992,1401.725387167,1402.7166572080005,1402.7166572080005,1402.7236474580004,1403.0015402919998,space,0.27686316700055613,None,1403.0029408749997,1403.405702166667,1403.712279542,1403.6943352500002,1403.6959175419997,1403.712279542,1403.712279542,1403.712279542,1409.1202543750005,65,1,[5.4075977920001606],[5.407603084000584],01,001,2025-11-10_21h20.08.283,Intentional Binding,,2025.1.1,120.40250557617891,2025-11-10 21h20.37.757503 +0530,
0.1,400,unexp,87,7,5,space,0.3626808749995689,None,47,1,[5.112729874999786],[5.112736541999766],5,7,87,0,1409.1260385419992,,1409.1204587079992,1409.1260385419992,1410.1166872079993,1410.1166872079993,1410.123247333,1410.4850767919997,space,0.3626808749995689,None,1410.4864203750003,1410.5894195836665,1410.896730458,1410.8777901249996,1410.8796545829991,1410.896730458,1410.896730458,1410.896730458,1416.0098135419994,47,1,[5.112729874999786],[5.112736541999766],01,001,2025-11-10_21h20.08.283,Intentional Binding,,2025.1.1,120.40250557617891,2025-11-10 21h20.37.757503 +0530,
0.7,1000,exp,88,8,5,space,0.2627680830009922,None,648,1,[12.069852874999924],[12.069857791000686],5,8,88,15,1416.0161341250005,,1416.0100171249996,1416.0161341250005,1417.007552125,1417.007552125,1417.007552125,1417.2759224580004,space,0.2627680830009922,None,1417.2776217499995,1417.9834731666672,1418.2899739580007,1418.2720350420004,1418.2738583329992,1418.2899739580007,1418.2899739580007,1418.2899739580007,1430.3601732499992,648,1,[12.069852874999924],[12.069857791000686],01,001,2025-11-10_21h20.08.283,Intentional Binding,,2025.1.1,120.40250557617891,2025-11-10 21h20.37.757503 +0530,
0.1,1000,exp,89,9,5,space,0.6516957919993729,None,110,1,[1.898652084000787],[1.8986574999998993],5,9,89,4,1430.3665466250004,,1430.3603841250006,1430.3665466250004,1431.3575430830006,1431.3575430830006,1431.3575430830006,1432.0192690420008,space,0.6516957919993729,None,1432.0208607919994,1432.126303541667,1432.440363875001,1432.422760083,1432.4248567079994,1432.440363875001,1432.440363875001,1432.440363875001,1434.3393657920005,110,1,[1.898652084000787],[1.8986574999998993],01,001,2025-11-10_21h20.08.283,Intentional Binding,,2025.1.1,120.40250557617891,2025-11-10 21h20.37.757503 +0530,
0.4,1000,exp,90,10,5,space,0.26198708300034923,None,99,1,[4.18070170899955],[4.180706999999529],5,10,90,5,1434.3501807499997,,1434.339571167,1434.3501807499997,1435.3342324580008,1435.3342324580008,1435.3406800419998,1435.6015280419997,space,0.26198708300034923,None,1435.6020761670006,1436.0008081246672,1436.3082260419997,1436.2894408749999,1436.2916299579992,1436.3082260419997,1436.3082260419997,1436.3082260419997,1440.4892701669996,99,1,[4.18070170899955],[4.180706999999529],01,001,2025-11-10_21h20.08.283,Intentional Binding,,2025.1.1,120.40250557617891,2025-11-10 21h20.37.757503 +0530,
0.7,1000,exp,91,11,5,space,0.3999635000000126,None,336,1,[7.22187466700052],[7.221879624999929],5,11,91,6,1440.5003148750002,,1440.4894758329992,1440.5003148750002,1441.4843643330005,1441.4843643330005,1441.4901345830003,1441.886359917,space,0.3999635000000126,None,1441.8880010419998,1442.591768958666,1442.9069275000002,1442.8892147499992,1442.8907202080009,1442.9069275000002,1442.9069275000002,1442.9069275000002,1450.1291448329994,336,1,[7.22187466700052],[7.221879624999929],01,001,2025-11-10_21h20.08.283,Intentional Binding,,2025.1.1,120.40250557617891,2025-11-10 21h20.37.757503 +0530,
0.7,1000,exp,92,12,5,space,0.3473937090002437,None,711,1,[2.0020857079998677],[2.0020911669998895],5,12,92,9,1450.1353303329997,,1450.1293499999992,1450.1353303329997,1451.1249000419994,1451.1249000419994,1451.1249000419994,1451.4755960000002,space,0.3473937090002437,None,1451.476749167001,1452.1847217916659,1452.4919704580007,1452.4732910420007,1452.4753880829994,1452.4919704580007,1452.4919704580007,1452.4919704580007,1454.4943902920004,711,1,[2.0020857079998677],[2.0020911669998895],01,001,2025-11-10_21h20.08.283,Intentional Binding,,2025.1.1,120.40250557617891,2025-11-10 21h20.37.757503 +0530,
0.7,400,unexp,93,13,5,space,0.2939185000013822,None,986,1,[1.60913654199976],[1.6091417919997184],5,13,93,3,1454.5004604580008,,1454.4946236249998,1454.5004604580008,1455.4905002079995,1455.4905002079995,1455.4905002079995,1455.7864512920005,space,0.2939185000013822,None,1455.7879268329998,1456.4912418336664,1456.797716125,1456.7804886249996,1456.7820455,1456.797716125,1456.797716125,1456.797716125,1458.4072200829996,986,1,[1.60913654199976],[1.6091417919997184],01,001,2025-11-10_21h20.08.283,Intentional Binding,,2025.1.1,120.40250557617891,2025-11-10 21h20.37.757503 +0530,
0.1,1000,exp,94,14,5,space,0.45095841699912853,None,296,1,[6.5132632500008185],[6.513270208000904],5,14,94,7,1458.417768667001,,1458.4074244170006,1458.417768667001,1459.401391083,1459.401391083,1459.4076301669993,1459.8585105420007,space,0.45095841699912853,None,1459.8596496249993,1459.9684106246661,1460.2742561670002,1460.2568860829997,1460.2586924579991,1460.2742561670002,1460.2742561670002,1460.2742561670002,1466.7878770829993,296,1,[6.5132632500008185],[6.513270208000904],01,001,2025-11-10_21h20.08.283,Intentional Binding,,2025.1.1,120.40250557617891,2025-11-10 21h20.37.757503 +0530,
0.1,1000,exp,95,15,5,space,0.8695630829988659,None,231,1,[1.4539585410002474],[1.4539632910000364],5,15,95,13,1466.7929820829995,,1466.7880788330003,1466.7929820829995,1467.7850726249999,1467.7850726249999,1467.7925276250007,1468.6585004999997,space,0.8695630829988659,None,1468.6596185830003,1468.7603275416661,1469.0753530000002,1469.0567921250004,1469.0586106669998,1469.0753530000002,1469.0753530000002,1469.0753530000002,1470.529658042,231,1,[1.4539585410002474],[1.4539632910000364],01,001,2025-11-10_21h20.08.283,Intentional Binding,,2025.1.1,120.40250557617891,2025-11-10 21h20.37.757503 +0530,
0.7,1000,exp,96,0,6,space,2.3578640409996297,None,554 ,1,[1.4470031250002648],[1.4470089999995253],6,0,96,12,1470.5349798749994,,1470.5298582079995,1470.5349798749994,1471.5250579580006,1471.5250579580006,1471.5250579580006,1473.8868660829994,space,2.3578640409996297,None,1473.8882338750009,1474.5919803746658,1474.8985763750006,1474.880377083,1474.882322333,1474.8985763750006,1474.8985763750006,1474.8985763750006,1476.3459269169998,554 ,1,[1.4470031250002648],[1.4470089999995253],01,001,2025-11-10_21h20.08.283,Intentional Binding,,2025.1.1,120.40250557617891,2025-11-10 21h20.37.757503 +0530,
0.4,400,unexp,97,1,6,space,2.578957583000374,None,231,1,[6.5664448750012525],[6.5664502090003225],6,1,97,1,1476.3511555829991,,1476.3461299579994,1476.3511555829991,1477.3417587080003,1477.3417587080003,1477.3417587080003,1479.9262483750008,space,2.578957583000374,None,1479.9272942919997,1480.335521291667,1480.6402326250009,1480.624434292,1480.6263490000001,1480.6402326250009,1480.6402326250009,1480.6402326250009,1487.2070449170005,231,1,[6.5664448750012525],[6.5664502090003225],01,001,2025-11-10_21h20.08.283,Intentional Binding,,2025.1.1,120.40250557617891,2025-11-10 21h20.37.757503 +0530,
0.1,1000,exp,98,2,6,space,0.21409816699997464,None,771,1,[13.515385374999823],[13.51539108399993],6,2,98,10,1487.2182523329993,,1487.2072471249994,1487.2182523329993,1488.2021568750006,1488.2021568750006,1488.2084597920002,1488.4207872080005,space,0.21409816699997464,None,1488.4222362500004,1488.5286229996675,1488.8416512500007,1488.824217333,1488.8262983749992,1488.8416512500007,1488.8416512500007,1488.8416512500007,1502.3573940000006,771,1,[13.515385374999823],[13.51539108399993],01,001,2025-11-10_21h20.08.283,Intentional Binding,,2025.1.1,120.40250557617891,2025-11-10 21h20.37.757503 +0530,
0.1,400,unexp,99,3,6,space,0.923961042000883,None,861,1,[9.697691999999734],[9.697696957999142],6,3,99,0,1502.368708,,1502.3576065830002,1502.368708,1503.3524538750007,1503.3524538750007,1503.3593182080003,1504.2875595419991,space,0.923961042000883,None,1504.2884515000005,1504.3920686666663,1504.6981655830004,1504.6808923330009,1504.682799708,1504.6981655830004,1504.6981655830004,1504.6981655830004,1514.396214417,861,1,[9.697691999999734],[9.697696957999142],01,001,2025-11-10_21h20.08.283,Intentional Binding,,2025.1.1,120.40250557617891,2025-11-10 21h20.37.757503 +0530,
0.4,1000,exp,100,4,6,space,0.07572095899922715,None,62,1,[6.548611625001286],[6.54861666600118],6,4,100,8,1514.4021664579996,,1514.3964162079992,1514.4021664579996,1515.3931191249994,1515.3931191249994,1515.3931191249994,1515.4712942919996,space,0.07572095899922715,None,1515.4727168749996,1515.8757544586663,1516.1819443330005,1516.1642908329995,1516.1662803750005,1516.1819443330005,1516.1819443330005,1516.1819443330005,1522.7308976250006,62,1,[6.548611625001286],[6.54861666600118],01,001,2025-11-10_21h20.08.283,Intentional Binding,,2025.1.1,120.40250557617891,2025-11-10 21h20.37.757503 +0530,
0.1,1000,exp,101,5,6,space,0.03981404200021643,None,92,1,[3.7561764999991283],[3.7561814170003345],6,5,101,4,1522.736283958,,1522.7311009170007,1522.736283958,1523.7266507919994,1523.7266507919994,1523.7266507919994,1523.7714787080004,space,0.03981404200021643,None,1523.7728297079993,1523.875988791666,1524.1810270829992,1524.1644180830008,1524.1658731250009,1524.1810270829992,1524.1810270829992,1524.1810270829992,1527.9375510419995,92,1,[3.7561764999991283],[3.7561814170003345],01,001,2025-11-10_21h20.08.283,Intentional Binding,,2025.1.1,120.40250557617891,2025-11-10 21h20.37.757503 +0530,
0.4,1000,exp,102,6,6,space,0.1344867499992688,None,105,1,[3.5589691670011234],[3.558974625000701],6,6,102,14,1527.9425043329993,,1527.9377646249995,1527.9425043329993,1528.9367848330003,1528.9367848330003,1528.9367848330003,1529.0775140000005,space,0.1344867499992688,None,1529.0785639170008,1529.4766727086665,1529.7806342919994,1529.7646044579997,1529.7661934169992,1529.7806342919994,1529.7806342919994,1529.7806342919994,1533.3399618750009,105,1,[3.5589691670011234],[3.558974625000701],01,001,2025-11-10_21h20.08.283,Intentional Binding,,2025.1.1,120.40250557617891,2025-11-10 21h20.37.757503 +0530,
0.7,1000,exp,103,7,6,space,0.13241070799995214,None,208,1,[4.192326541999137],[4.192331583999476],6,7,103,9,1533.3451100420007,,1533.3401607079995,1533.3451100420007,1534.3370571249998,1534.3370571249998,1534.3434707920005,1534.4718119169993,space,0.13241070799995214,None,1534.4730914169995,1535.176351166667,1535.4806222499992,1535.4647330000007,1535.4663340419993,1535.4806222499992,1535.4806222499992,1535.4806222499992,1539.6733051249994,208,1,[4.192326541999137],[4.192331583999476],01,001,2025-11-10_21h20.08.283,Intentional Binding,,2025.1.1,120.40250557617891,2025-11-10 21h20.37.757503 +0530,
0.7,1000,exp,104,8,6,space,2.1986222499999712,None,729,1,[3.8588675840001088],[3.85887300000104],6,8,104,15,1539.6784908329992,,1539.6735054170003,1539.6784908329992,1540.670100583,1540.670100583,1540.6752918330003,1542.8720193749996,space,2.1986222499999712,None,1542.8734188750004,1543.5768847086658,1543.8816356669995,1543.8649325419992,1543.8663912920001,1543.8816356669995,1543.8816356669995,1543.8816356669995,1547.7408694170008,729,1,[3.8588675840001088],[3.85887300000104],01,001,2025-11-10_21h20.08.283,Intentional Binding,,2025.1.1,120.40250557617891,2025-11-10 21h20.37.757503 +0530,
0.4,1000,exp,105,9,6,space,0.24547608399916498,None,745,1,[4.107958583999789],[4.107963917000234],6,9,105,11,1547.746200083,,1547.7410775829994,1547.746200083,1548.7371828750001,1548.7371828750001,1548.7446075829994,1548.9889959169996,space,0.24547608399916498,None,1548.9906619579997,1549.3932631246664,1549.6972730830003,1549.6817941249992,1549.6834263330002,1549.6972730830003,1549.6972730830003,1549.6972730830003,1553.8056003330003,745,1,[4.107958583999789],[4.107963917000234],01,001,2025-11-10_21h20.08.283,Intentional Binding,,2025.1.1,120.40250557617891,2025-11-10 21h20.37.757503 +0530,
0.1,1000,exp,106,10,6,space,0.512777374999132,None,979,1,[3.287420958000439],[3.2874263749999955],6,10,106,7,1553.8201490419997,,1553.8058007079999,1553.8201490419997,1554.8038677500008,1554.8038677500008,1554.8101862080002,1555.3223212079993,space,0.512777374999132,None,1555.3236644169992,1555.4269307496672,1555.734155958,1555.7162626249992,1555.7182424170005,1555.734155958,1555.734155958,1555.734155958,1559.0219427499997,979,1,[3.287420958000439],[3.2874263749999955],01,001,2025-11-10_21h20.08.283,Intentional Binding,,2025.1.1,120.40250557617891,2025-11-10 21h20.37.757503 +0530,
0.1,1000,exp,107,11,6,space,0.38110237500040967,None,266,1,[3.72282845799964],[3.7228333330003807],6,11,107,13,1559.0370626669992,,1559.0221464999995,1559.0370626669992,1560.0207150829992,1560.0207150829992,1560.0269265419993,1560.405847125001,space,0.38110237500040967,None,1560.4070613330005,1560.5103980836668,1560.8147697919994,1560.7988275829994,1560.8004951250005,1560.8147697919994,1560.8147697919994,1560.8147697919994,1564.537949042,266,1,[3.72282845799964],[3.7228333330003807],01,001,2025-11-10_21h20.08.283,Intentional Binding,,2025.1.1,120.40250557617891,2025-11-10 21h20.37.757503 +0530,
0.4,1000,exp,108,12,6,space,2.664335500001471,None,471,1,[4.499011541000073],[4.499017165999248],6,12,108,5,1564.5429611670006,,1564.5381919579995,1564.5429611670006,1565.5283755,1565.5283755,1565.5375261249992,1568.1958529999993,space,2.664335500001471,None,1568.1975884170006,1568.6046199996674,1568.9106805419997,1568.8931878750009,1568.8952585000006,1568.9106805419997,1568.9106805419997,1568.9106805419997,1573.4100544579996,471,1,[4.499011541000073],[4.499017165999248],01,001,2025-11-10_21h20.08.283,Intentional Binding,,2025.1.1,120.40250557617891,2025-11-10 21h20.37.757503 +0530,
0.4,400,unexp,109,13,6,space,31.34620354099934,None,657,1,[3.6655083749992627],[3.6655135000000882],6,13,109,2,1573.4208288329992,,1573.4102574169992,1573.4208288329992,1574.4046724580003,1574.4046724580003,1574.4111694999992,1605.7570892500007,space,31.34620354099934,None,1605.758638292,1606.1616351246669,1606.4681209579994,1606.450697458,1606.4523469169999,1606.4681209579994,1606.4681209579994,1606.4681209579994,1610.1339879999996,657,1,[3.6655083749992627],[3.6655135000000882],01,001,2025-11-10_21h20.08.283,Intentional Binding,,2025.1.1,120.40250557617891,2025-11-10 21h20.37.757503 +0530,
0.7,400,unexp,110,14,6,space,0.3923849999991944,None,945,1,[3.0438694169988594],[3.043874834000235],6,14,110,3,1610.1399637079994,,1610.1341925420002,1610.1399637079994,1611.1296373330006,1611.1296373330006,1611.1296373330006,1611.5240309170003,space,0.3923849999991944,None,1611.5251728750009,1612.227995041667,1612.5332485420004,1612.5170843329997,1612.5187067919996,1612.5332485420004,1612.5332485420004,1612.5332485420004,1615.577485625001,945,1,[3.0438694169988594],[3.043874834000235],01,001,2025-11-10_21h20.08.283,Intentional Binding,,2025.1.1,120.40250557617891,2025-11-10 21h20.37.757503 +0530,
0.7,1000,exp,111,15,6,space,1.6888201250003476,None,990,1,[7.4474146669999755],[7.44742029200097],6,15,111,6,1615.5885940829994,,1615.5776886669992,1615.5885940829994,1616.5733367499997,1616.5733367499997,1616.5782799999997,1618.2636862920008,space,1.6888201250003476,None,1618.265342625,1618.9725856246662,1619.278862958001,1619.2610662919997,1619.2628599170002,1619.278862958001,1619.278862958001,1619.278862958001,1626.7266642499999,990,1,[7.4474146669999755],[7.44742029200097],01,001,2025-11-10_21h20.08.283,Intentional Binding,,2025.1.1,120.40250557617891,2025-11-10 21h20.37.757503 +0530,
0.4,1000,exp,112,0,7,space,0.3143217079996248,None,205,1,[3.0902373340013582],[3.0902427090004494],7,0,112,5,1626.7320849579992,,1626.7268610419997,1626.7320849579992,1627.7226528749998,1627.7226528749998,1627.7294530830004,1628.0415525419994,space,0.3143217079996248,None,1628.0429857079998,1628.445770874667,1628.750369458001,1628.7340647500005,1628.7356944170006,1628.750369458001,1628.750369458001,1628.750369458001,1631.8409754580007,205,1,[3.0902373340013582],[3.0902427090004494],01,001,2025-11-10_21h20.08.283,Intentional Binding,,2025.1.1,120.40250557617891,2025-11-10 21h20.37.757503 +0530,
0.4,400,unexp,113,1,7,space,0.9350300000005518,None,135,1,[4.092545708001126],[4.092551749999984],7,1,113,1,1631.8558012079993,,1631.8411747499995,1631.8558012079993,1632.8288159580006,1632.8288159580006,1632.8456028750006,1633.7912865420003,space,0.9350300000005518,None,1633.7925804580009,1634.195759874667,1634.5004133750008,1634.4841972499999,1634.4856302080007,1634.5004133750008,1634.5004133750008,1634.5004133750008,1638.593375458,135,1,[4.092545708001126],[4.092551749999984],01,001,2025-11-10_21h20.08.283,Intentional Binding,,2025.1.1,120.40250557617891,2025-11-10 21h20.37.757503 +0530,
0.7,1000,exp,114,2,7,space,0.24504241600152454,None,570,1,[2.1640410420004628],[2.1640459169993846],7,2,114,9,1638.5985350829997,,1638.5935760829998,1638.5985350829997,1639.5898474999995,1639.5898474999995,1639.5962582920001,1639.8415377500005,space,0.24504241600152454,None,1639.8430556669991,1640.545984624667,1640.8529034580006,1640.8346992499992,1640.8364002500002,1640.8529034580006,1640.8529034580006,1640.8529034580006,1643.0173098750001,570,1,[2.1640410420004628],[2.1640459169993846],01,001,2025-11-10_21h20.08.283,Intentional Binding,,2025.1.1,120.40250557617891,2025-11-10 21h20.37.757503 +0530,
0.4,1000,exp,115,3,7,space,0.4949132500005362,None,488,1,[1.675794250000763],[1.6757996250016731],7,3,115,8,1643.0225856670004,,1643.0175356250002,1643.0225856670004,1644.0129190829994,1644.0129190829994,1644.0129190829994,1644.5139760420006,space,0.4949132500005362,None,1644.5151423330008,1644.923643166667,1645.2322083750005,1645.212074000001,1645.2143090419995,1645.2322083750005,1645.2322083750005,1645.2322083750005,1646.9083780420005,488,1,[1.675794250000763],[1.6757996250016731],01,001,2025-11-10_21h20.08.283,Intentional Binding,,2025.1.1,120.40250557617891,2025-11-10 21h20.37.757503 +0530,
0.1,1000,exp,116,4,7,space,0.1201941250001255,None,38,1,[3.782267000000502],[3.7822724580000795],7,4,116,10,1646.9229395830007,,1646.908583208,1646.9229395830007,1647.9067034170002,1647.9067034170002,1647.9130795,1648.0310349169995,space,0.1201941250001255,None,1648.0324083329997,1648.1402079996662,1648.4470072080003,1648.428632792,1648.430470833,1648.4470072080003,1648.4470072080003,1648.4470072080003,1652.2296554999994,38,1,[3.782267000000502],[3.7822724580000795],01,001,2025-11-10_21h20.08.283,Intentional Binding,,2025.1.1,120.40250557617891,2025-11-10 21h20.37.757503 +0530,
0.7,1000,exp,117,5,7,space,1.5028388749997248,None,319,1,[1.1051483329993061],[1.1051536249997298],7,5,117,12,1652.2400996249999,,1652.2298580419993,1652.2400996249999,1653.2302133329995,1653.2302133329995,1653.2302133329995,1654.7423416670008,space,1.5028388749997248,None,1654.7440027499997,1655.446736666667,1655.7527511669996,1655.736313583,1655.7381580830006,1655.7527511669996,1655.7527511669996,1655.7527511669996,1656.8582736669996,319,1,[1.1051483329993061],[1.1051536249997298],01,001,2025-11-10_21h20.08.283,Intentional Binding,,2025.1.1,120.40250557617891,2025-11-10 21h20.37.757503 +0530,
0.7,400,unexp,118,6,7,space,0.1731244999991759,None,762,1,[3.120765540999855],[3.1207706250006595],7,6,118,3,1656.8734490000006,,1656.8584738749996,1656.8734490000006,1657.856982667001,1657.856982667001,1657.8631736669995,1658.0419270830007,space,0.1731244999991759,None,1658.0431587500007,1658.7461471246663,1659.0528973330001,1659.0351921250003,1659.0369551250005,1659.0528973330001,1659.0528973330001,1659.0528973330001,1662.174050042,762,1,[3.120765540999855],[3.1207706250006595],01,001,2025-11-10_21h20.08.283,Intentional Binding,,2025.1.1,120.40250557617891,2025-11-10 21h20.37.757503 +0530,
0.4,400,unexp,119,7,7,space,0.5590508329987642,None,460,1,[7.683375708998938],[7.683380999998917],7,7,119,2,1662.1789766250004,,1662.1742872079994,1662.1789766250004,1663.1651359999996,1663.1651359999996,1663.1734583329999,1663.7366782919999,space,0.5590508329987642,None,1663.7372341669998,1664.1406642916666,1664.4465527920001,1664.4291412919993,1664.4310798330007,1664.4465527920001,1664.4465527920001,1664.4465527920001,1672.1303118750002,460,1,[7.683375708998938],[7.683380999998917],01,001,2025-11-10_21h20.08.283,Intentional Binding,,2025.1.1,120.40250557617891,2025-11-10 21h20.37.757503 +0530,
0.1,1000,exp,120,8,7,space,14.33857641600116,None,851,1,[6.153303290999247],[6.153308625000136],7,8,120,13,1672.140225833,,1672.1305133749993,1672.140225833,1673.1242837499994,1673.1242837499994,1673.1320329579994,1687.4662304169997,space,14.33857641600116,None,1687.4677004170007,1687.5689995416672,1687.8809942499993,1687.8632316669991,1687.865277125,1687.8809942499993,1687.8809942499993,1687.8809942499993,1694.0346780830005,851,1,[6.153303290999247],[6.153308625000136],01,001,2025-11-10_21h20.08.283,Intentional Binding,,2025.1.1,120.40250557617891,2025-11-10 21h20.37.757503 +0530,
0.1,1000,exp,121,9,7,space,0.46875258299951383,None,762,1,[3.6534717909999017],[3.653476999999839],7,9,121,4,1694.040746875,,1694.0348814579993,1694.040746875,1695.0311853750009,1695.0311853750009,1695.0311853750009,1695.5101947080002,space,0.46875258299951383,None,1695.5116629170006,1695.6171009166667,1695.9309324580008,1695.913448583,1695.9155458749992,1695.9309324580008,1695.9309324580008,1695.9309324580008,1699.5847748329998,762,1,[3.6534717909999017],[3.653476999999839],01,001,2025-11-10_21h20.08.283,Intentional Binding,,2025.1.1,120.40250557617891,2025-11-10 21h20.37.757503 +0530,
0.7,1000,exp,122,10,7,space,1.692916250000053,None,683,1,[1.7015096249997441],[1.7015150000006543],7,10,122,15,1699.5909027079997,,1699.584974083,1699.5909027079997,1700.5811761250006,1700.5811761250006,1700.5811761250006,1702.2766728330007,space,1.692916250000053,None,1702.278062458001,1702.9812119166675,1703.2912577080006,1703.2698904999997,1703.2721569170008,1703.2912577080006,1703.2912577080006,1703.2912577080006,1704.9936087080005,683,1,[1.7015096249997441],[1.7015150000006543],01,001,2025-11-10_21h20.08.283,Intentional Binding,,2025.1.1,120.40250557617891,2025-11-10 21h20.37.757503 +0530,
0.4,1000,exp,123,11,7,space,0.4894570830001612,None,349,1,[5.478371959001379],[5.478377459001422],7,11,123,11,1705.007923792,,1704.9938127080004,1705.007923792,1705.9916227079993,1705.9916227079993,1705.9983593329998,1706.4828197080005,space,0.4894570830001612,None,1706.4841948329995,1706.892208583666,1707.2005432919996,1707.1815603750001,1707.1837873330005,1707.2005432919996,1707.2005432919996,1707.2005432919996,1712.6792987080007,349,1,[5.478371959001379],[5.478377459001422],01,001,2025-11-10_21h20.08.283,Intentional Binding,,2025.1.1,120.40250557617891,2025-11-10 21h20.37.757503 +0530,
0.4,1000,exp,124,12,7,space,0.7938322499994683,None,821,1,[3.6799206659998163],[3.6799258749997534],7,12,124,14,1712.6845817920002,,1712.6795366250008,1712.6845817920002,1713.6753710419998,1713.6753710419998,1713.6814305829994,1714.4774152080008,space,0.7938322499994683,None,1714.4789478750008,1714.881449208666,1715.188584333,1715.1710767500008,1715.1727892920007,1715.188584333,1715.188584333,1715.188584333,1718.8688951669992,821,1,[3.6799206659998163],[3.6799258749997534],01,001,2025-11-10_21h20.08.283,Intentional Binding,,2025.1.1,120.40250557617891,2025-11-10 21h20.37.757503 +0530,
0.1,1000,exp,125,13,7,space,0.07961970800170093,None,105,1,[2.0821432499997172],[2.0821484590014734],7,13,125,7,1718.8748433750006,,1718.8690922080004,1718.8748433750006,1719.866466292,1719.866466292,1719.866466292,1719.9501557919994,space,0.07961970800170093,None,1719.9511865420009,1720.059022749667,1720.3633005829997,1720.3474850420007,1720.349374083,1720.3633005829997,1720.3633005829997,1720.3633005829997,1722.4458460829992,105,1,[2.0821432499997172],[2.0821484590014734],01,001,2025-11-10_21h20.08.283,Intentional Binding,,2025.1.1,120.40250557617891,2025-11-10 21h20.37.757503 +0530,
0.7,1000,exp,126,14,7,space,0.0639300410002761,None,688,1,[1.4896766660003777],[1.489682208000886],7,14,126,6,1722.4510279580009,,1722.4460484579995,1722.4510279580009,1723.442481,1723.442481,1723.4500332499993,1723.5109269170007,space,0.0639300410002761,None,1723.5125830420002,1724.215245583666,1724.5208446249999,1724.5038342499993,1724.5055322499993,1724.5208446249999,1724.5208446249999,1724.5208446249999,1726.0109511249993,688,1,[1.4896766660003777],[1.489682208000886],01,001,2025-11-10_21h20.08.283,Intentional Binding,,2025.1.1,120.40250557617891,2025-11-10 21h20.37.757503 +0530,
0.1,400,unexp,127,15,7,space,0.6951284999995551,None,33,1,[1.0101799170006416],[1.0101853750002192],7,15,127,0,1726.025288625,,1726.0111508749997,1726.025288625,1727.0091364580003,1727.0091364580003,1727.0156206249994,1727.7105706670009,space,0.6951284999995551,None,1727.7118279580009,1727.8152314586662,1728.12139475,1728.1032919579993,1728.1049905830005,1728.12139475,1728.12139475,1728.12139475,1729.1319557499992,33,1,[1.0101799170006416],[1.0101853750002192],01,001,2025-11-10_21h20.08.283,Intentional Binding,,2025.1.1,120.40250557617891,2025-11-10 21h20.37.757503 +0530,
0.4,400,unexp,128,0,8,space,0.11542600000029779,None,78,1,[3.33946641699913],[3.339471874998708],8,0,128,2,1729.1419647080002,,1729.1321564169994,1729.1419647080002,1730.1260186250001,1730.1260186250001,1730.1328950419993,1730.2441902080009,space,0.11542600000029779,None,1730.2454885419993,1730.6485092086662,1730.9540645830002,1730.9371167080008,1730.9388437079997,1730.9540645830002,1730.9540645830002,1730.9540645830002,1734.2939168329995,78,1,[3.33946641699913],[3.339471874998708],01,001,2025-11-10_21h20.08.283,Intentional Binding,,2025.1.1,120.40250557617891,2025-11-10 21h20.37.757503 +0530,
0.1,1000,exp,129,1,8,space,0.02060275000076217,None,912,1,[2.9534862500004238],[2.953491333999409],8,1,129,13,1734.3089935000007,,1734.2941342079994,1734.3089935000007,1735.2927443330009,1735.2927443330009,1735.3002146670005,1735.3169526250003,space,0.02060275000076217,None,1735.3186341670007,1735.426148124667,1735.732826208001,1735.7147621250006,1735.7170731669994,1735.732826208001,1735.732826208001,1735.732826208001,1738.686696875,912,1,[2.9534862500004238],[2.953491333999409],01,001,2025-11-10_21h20.08.283,Intentional Binding,,2025.1.1,120.40250557617891,2025-11-10 21h20.37.757503 +0530,
0.4,1000,exp,130,2,8,space,0.03751429100157111,None,224,1,[0.9975323750004463],[0.9975377499995375],8,2,130,8,1738.69207775,,1738.68689825,1738.69207775,1739.6839224579999,1739.6839224579999,1739.6839224579999,1739.7276900830002,space,0.03751429100157111,None,1739.7287070830007,1740.1320313746676,1740.4383242500007,1740.4208384169997,1740.4225967500006,1740.4383242500007,1740.4383242500007,1740.4383242500007,1741.436262583,224,1,[0.9975323750004463],[0.9975377499995375],01,001,2025-11-10_21h20.08.283,Intentional Binding,,2025.1.1,120.40250557617891,2025-11-10 21h20.37.757503 +0530,
0.7,1000,exp,131,3,8,space,0.8458749590008665,None,665,1,[0.7976019999987329],[0.7976071249995584],8,3,131,15,1741.4420948330007,,1741.4364690000002,1741.4420948330007,1742.4324474580008,1742.4324474580008,1742.4324474580008,1743.2836304169996,space,0.8458749590008665,None,1743.2848309170004,1743.983186374666,1744.2890221670004,1744.2709504579998,1744.2726364579994,1744.2890221670004,1744.2890221670004,1744.2890221670004,1745.0870125000001,665,1,[0.7976019999987329],[0.7976071249995584],01,001,2025-11-10_21h20.08.283,Intentional Binding,,2025.1.1,120.40250557617891,2025-11-10 21h20.37.757503 +0530,
0.1,1000,exp,132,4,8,space,0.11760362499990151,None,94,1,[1.5034071250011039],[1.5034125840011257],8,4,132,10,1745.0922580419992,,1745.0872169579998,1745.0922580419992,1746.082877375,1746.082877375,1746.082877375,1746.20185175,space,0.11760362499990151,None,1746.203241833,1746.3094533336664,1746.616479583001,1746.597966542,1746.6002196669997,1746.616479583001,1746.616479583001,1746.616479583001,1748.1203370830008,94,1,[1.5034071250011039],[1.5034125840011257],01,001,2025-11-10_21h20.08.283,Intentional Binding,,2025.1.1,120.40250557617891,2025-11-10 21h20.37.757503 +0530,
0.1,1000,exp,133,5,8,space,1.372457540999676,None,501,1,[2.30322737500137],[2.3032322920007573],8,5,133,7,1748.1256250419992,,1748.1205657080009,1748.1256250419992,1749.1160879170002,1749.1160879170002,1749.1160879170002,1750.495208708,space,1.372457540999676,None,1750.4966040830004,1750.598866708666,1750.9065002499992,1750.887971958,1750.8896842920003,1750.9065002499992,1750.9065002499992,1750.9065002499992,1753.2101246250004,501,1,[2.30322737500137],[2.3032322920007573],01,001,2025-11-10_21h20.08.283,Intentional Binding,,2025.1.1,120.40250557617891,2025-11-10 21h20.37.757503 +0530,
0.4,400,unexp,134,6,8,space,0.25256925000030606,None,374,1,[3.5431153339995944],[3.5431206670000392],8,6,134,1,1753.2157725830002,,1753.2103417500002,1753.2157725830002,1754.2000310000003,1754.2000310000003,1754.2100203749997,1754.4615146670003,space,0.25256925000030606,None,1754.4628939579998,1754.8663216246662,1755.1716426250005,1755.1546662500004,1755.1563318330009,1755.1716426250005,1755.1716426250005,1755.1716426250005,1758.7151649579991,374,1,[3.5431153339995944],[3.5431206670000392],01,001,2025-11-10_21h20.08.283,Intentional Binding,,2025.1.1,120.40250557617891,2025-11-10 21h20.37.757503 +0530,
0.1,400,unexp,135,7,8,space,0.26077237499885086,None,845,1,[2.0117100829993433],[2.0117151249996823],8,7,135,0,1758.726163833,,1758.715363667001,1758.726163833,1759.7099814579997,1759.7099814579997,1759.716243625,1759.9785030420007,space,0.26077237499885086,None,1759.9799117500006,1760.0830966666674,1760.386537167,1760.3713595419995,1760.373050958,1760.386537167,1760.386537167,1760.386537167,1762.3986522920004,845,1,[2.0117100829993433],[2.0117151249996823],01,001,2025-11-10_21h20.08.283,Intentional Binding,,2025.1.1,120.40250557617891,2025-11-10 21h20.37.757503 +0530,
0.1,1000,exp,136,8,8,space,2.26812266700108,None,226,1,[1.5630321250009729],[1.5630377079996833],8,8,136,4,1762.409531667001,,1762.3988526249996,1762.409531667001,1763.3935617080006,1763.3935617080006,1763.4006387080008,1765.6684408750007,space,2.26812266700108,None,1765.6697239170007,1765.7770909166668,1766.0837985830003,1766.0657546670009,1766.067997708,1766.0837985830003,1766.0837985830003,1766.0837985830003,1767.6472211670007,226,1,[1.5630321250009729],[1.5630377079996833],01,001,2025-11-10_21h20.08.283,Intentional Binding,,2025.1.1,120.40250557617891,2025-11-10 21h20.37.757503 +0530,
0.4,1000,exp,137,9,8,space,0.45290133300113666,None,931,1,[1.9451277080006548],[1.9451338750004652],8,9,137,5,1767.6525158749992,,1767.6474195419996,1767.6525158749992,1768.6437439170004,1768.6437439170004,1768.6508767079995,1769.1019982079997,space,0.45290133300113666,None,1769.1033842920006,1769.5103949996667,1769.815370667,1769.7989132080002,1769.800837375,1769.815370667,1769.815370667,1769.815370667,1771.7609174999998,931,1,[1.9451277080006548],[1.9451338750004652],01,001,2025-11-10_21h20.08.283,Intentional Binding,,2025.1.1,120.40250557617891,2025-11-10 21h20.37.757503 +0530,
0.4,1000,exp,138,10,8,space,0.08010679200015147,None,342,1,[3.727395541000078],[3.72740070799955],8,10,138,14,1771.7659402919999,,1771.7611455419992,1771.7659402919999,1772.7516095829997,1772.7516095829997,1772.7597661670006,1772.8353723330001,space,0.08010679200015147,None,1772.8367780000008,1773.2438962496674,1773.5508301669997,1773.532269333,1773.5345870420006,1773.5508301669997,1773.5508301669997,1773.5508301669997,1777.278632083,342,1,[3.727395541000078],[3.72740070799955],01,001,2025-11-10_21h20.08.283,Intentional Binding,,2025.1.1,120.40250557617891,2025-11-10 21h20.37.757503 +0530,
0.7,400,unexp,139,11,8,space,7.953631250000399,None,214,1,[2.094199999999546],[2.0942052909995255],8,11,139,3,1777.2933701250004,,1777.2788317920003,1777.2933701250004,1778.2772999169993,1778.2772999169993,1778.2848081249995,1786.2346930830008,space,7.953631250000399,None,1786.2352274580007,1786.933858458666,1787.2377131249996,1787.2220647920003,1787.223726917,1787.2377131249996,1787.2377131249996,1787.2377131249996,1789.3323641250008,214,1,[2.094199999999546],[2.0942052909995255],01,001,2025-11-10_21h20.08.283,Intentional Binding,,2025.1.1,120.40250557617891,2025-11-10 21h20.37.757503 +0530,
0.4,1000,exp,140,12,8,space,2.534741417000987,None,576,1,[2.239164750000782],[2.2391700000007404],8,12,140,11,1789.3439761249992,,1789.3325666250003,1789.3439761249992,1790.3271581669997,1790.3271581669997,1790.3322966249998,1792.868139667,space,2.534741417000987,None,1792.8686712079998,1793.2681483746676,1793.5735810000006,1793.5560884170009,1793.5578985419997,1793.5735810000006,1793.5735810000006,1793.5735810000006,1795.8131471670004,576,1,[2.239164750000782],[2.2391700000007404],01,001,2025-11-10_21h20.08.283,Intentional Binding,,2025.1.1,120.40250557617891,2025-11-10 21h20.37.757503 +0530,
0.7,1000,exp,141,13,8,space,0.7550220000011905,None,845,1,[2.9289158749998023],[2.928920874999676],8,13,141,9,1795.8273469169999,,1795.8133477079991,1795.8273469169999,1796.8109765000008,1796.8109765000008,1796.817619083,1797.568927708,space,0.7550220000011905,None,1797.570340708,1798.2780715416668,1798.5850816670008,1798.5665718750006,1798.5686473749993,1798.5850816670008,1798.5850816670008,1798.5850816670008,1801.5143927499994,845,1,[2.9289158749998023],[2.928920874999676],01,001,2025-11-10_21h20.08.283,Intentional Binding,,2025.1.1,120.40250557617891,2025-11-10 21h20.37.757503 +0530,
0.7,1000,exp,142,14,8,space,0.19702450000113458,None,307,1,[1.4764959999993152],[1.4765016660003312],8,14,142,12,1801.5195531669997,,1801.5145985420004,1801.5195531669997,1802.5111258329998,1802.5111258329998,1802.5111258329998,1802.7130227079997,space,0.19702450000113458,None,1802.7143684999992,1803.4182197916673,1803.7241131669998,1803.7063157079992,1803.7080796249993,1803.7241131669998,1803.7241131669998,1803.7241131669998,1805.2010653750003,307,1,[1.4764959999993152],[1.4765016660003312],01,001,2025-11-10_21h20.08.283,Intentional Binding,,2025.1.1,120.40250557617891,2025-11-10 21h20.37.757503 +0530,
0.7,1000,exp,143,15,8,space,0.0931326669997361,None,56,1,[1.0370434169999498],[1.0370483750011772],8,15,143,6,1805.2108970419995,,1805.201264583,1805.2108970419995,1806.1949433749996,1806.1949433749996,1806.2019123329992,1806.2963787080007,space,0.0931326669997361,None,1806.2977515420007,1807.0006899996663,1807.3076321249991,1807.2904523750003,1807.2926132079992,1807.3076321249991,1807.3076321249991,1807.3076321249991,1808.345078208,56,1,[1.0370434169999498],[1.0370483750011772],01,001,2025-11-10_21h20.08.283,Intentional Binding,,2025.1.1,120.40250557617891,2025-11-10 21h20.37.757503 +0530,
0.7,400,unexp,144,0,9,space,2.4058408749988303,None,145,1,[5.322034249998978],[5.322039082999254],9,0,144,3,1808.3500692920006,,1808.3453019999997,1808.3500692920006,1809.3333163749994,1809.3333163749994,1809.3447135829992,1811.7465619579998,space,2.4058408749988303,None,1811.7479557080005,1812.4516380416665,1812.7662447500006,1812.750259458,1812.7518430420005,1812.7662447500006,1812.7662447500006,1812.7662447500006,1818.0887074170005,145,1,[5.322034249998978],[5.322039082999254],01,001,2025-11-10_21h20.08.283,Intentional Binding,,2025.1.1,120.40250557617891,2025-11-10 21h20.37.757503 +0530,
0.4,1000,exp,145,1,9,space,9.062629874999402,None,646,1,[2.6713075829993613],[2.6713125409987697],9,1,145,11,1818.0943556250004,,1818.0889097079998,1818.0943556250004,1819.0862481250006,1819.0862481250006,1819.0862481250006,1828.153054167,space,9.062629874999402,None,1828.154234042,1828.5622949166666,1828.8673159579994,1828.8504869999997,1828.8524816669997,1828.8673159579994,1828.8673159579994,1828.8673159579994,1831.5390127080009,646,1,[2.6713075829993613],[2.6713125409987697],01,001,2025-11-10_21h20.08.283,Intentional Binding,,2025.1.1,120.40250557617891,2025-11-10 21h20.37.757503 +0530,
0.4,1000,exp,146,2,9,space,0.032770957999673556,None,358,1,[3.04632708400095],[3.0463323340009083],9,2,146,8,1831.5447648329991,,1831.5392157919996,1831.5447648329991,1832.5352249169991,1832.5352249169991,1832.5352249169991,1832.5696681669997,space,0.032770957999673556,None,1832.5710193329996,1832.9790219996669,1833.286031042,1833.267460125,1833.2694970419998,1833.286031042,1833.286031042,1833.286031042,1836.3327627079998,358,1,[3.04632708400095],[3.0463323340009083],01,001,2025-11-10_21h20.08.283,Intentional Binding,,2025.1.1,120.40250557617891,2025-11-10 21h20.37.757503 +0530,
0.1,1000,exp,147,3,9,space,0.19578725000064878,None,909,1,[1.2479798330004996],[1.2479847499998868],9,3,147,4,1836.3379662499992,,1836.3329609579996,1836.3379662499992,1837.3292537079997,1837.3292537079997,1837.3363645000009,1837.530840042,space,0.19578725000064878,None,1837.5322080000005,1837.6351681666658,1837.9411033329998,1837.9237905829996,1837.9255224999997,1837.9411033329998,1837.9411033329998,1837.9411033329998,1839.1894976250005,909,1,[1.2479798330004996],[1.2479847499998868],01,001,2025-11-10_21h20.08.283,Intentional Binding,,2025.1.1,120.40250557617891,2025-11-10 21h20.37.757503 +0530,
0.4,1000,exp,148,4,9,space,1.3995518330011691,None,561,1,[2.9133603749996837],[2.9133656670001074],9,4,148,5,1839.1949954579995,,1839.1897007919997,1839.1949954579995,1840.1836026250003,1840.1836026250003,1840.1836026250003,1841.5873840420008,space,1.3995518330011691,None,1841.5887755830008,1841.9959803336662,1842.3008611250007,1842.2851345830004,1842.2866668330007,1842.3008611250007,1842.3008611250007,1842.3008611250007,1845.2146265829997,561,1,[2.9133603749996837],[2.9133656670001074],01,001,2025-11-10_21h20.08.283,Intentional Binding,,2025.1.1,120.40250557617891,2025-11-10 21h20.37.757503 +0530,
0.1,1000,exp,149,5,9,space,0.37945241700072074,None,209,1,[6.922872708000796],[6.922878166000373],9,5,149,7,1845.228809833001,,1845.2148216250007,1845.228809833001,1846.2126979580007,1846.2126979580007,1846.2191606670003,1846.5977234170005,space,0.37945241700072074,None,1846.5992872499992,1846.7021536666673,1847.0074236250002,1846.9905951250003,1846.992382167,1847.0074236250002,1847.0074236250002,1847.0074236250002,1853.9307566250009,209,1,[6.922872708000796],[6.922878166000373],01,001,2025-11-10_21h20.08.283,Intentional Binding,,2025.1.1,120.40250557617891,2025-11-10 21h20.37.757503 +0530,
0.7,1000,exp,150,6,9,space,6.013634375000038,None,740,1,[2.9824662909995823],[2.9824714999995194],9,6,150,15,1853.9458935000002,,1853.930963625,1853.9458935000002,1854.9292194169993,1854.9292194169993,1854.9352976669998,1860.948096958,space,6.013634375000038,None,1860.949792292,1861.6526742496665,1861.9580451250004,1861.9413436670002,1861.9430997500003,1861.9580451250004,1861.9580451250004,1861.9580451250004,1864.9409031670002,740,1,[2.9824662909995823],[2.9824714999995194],01,001,2025-11-10_21h20.08.283,Intentional Binding,,2025.1.1,120.40250557617891,2025-11-10 21h20.37.757503 +0530,
0.7,1000,exp,151,7,9,space,2.4507918750005047,None,117,1,[2.2924637500000244],[2.2924689999999828],9,7,151,9,1864.9471360419993,,1864.941104333,1864.9471360419993,1865.937031292,1865.937031292,1865.937031292,1868.3984826249998,space,2.4507918750005047,None,1868.399833167001,1869.102928874667,1869.4097926249997,1869.3946909999995,1869.3960391670007,1869.4097926249997,1869.4097926249997,1869.4097926249997,1871.7026537919992,117,1,[2.2924637500000244],[2.2924689999999828],01,001,2025-11-10_21h20.08.283,Intentional Binding,,2025.1.1,120.40250557617891,2025-11-10 21h20.37.757503 +0530,
0.4,400,unexp,152,8,9,space,0.05222233400127152,None,279,1,[6.678705625001385],[6.678710916999989],9,8,152,1,1871.7131062919998,,1871.702864500001,1871.7131062919998,1872.696576542001,1872.696576542001,1872.703557500001,1872.75405675,space,0.05222233400127152,None,1872.7554420420001,1873.1635455416674,1873.4699619999992,1873.4520344579996,1873.4544165829993,1873.4699619999992,1873.4699619999992,1873.4699619999992,1880.1490722500002,279,1,[6.678705625001385],[6.678710916999989],01,001,2025-11-10_21h20.08.283,Intentional Binding,,2025.1.1,120.40250557617891,2025-11-10 21h20.37.757503 +0530,
0.4,400,unexp,153,9,9,space,1.05391950000012,None,550,1,[2.2147554160001164],[2.214760832999673],9,9,153,2,1880.1632502920002,,1880.1492752920003,1880.1632502920002,1881.1470358330007,1881.1470358330007,1881.153489667,1882.2048789170003,space,1.05391950000012,None,1882.2062354579994,1882.6138175416675,1882.920067000001,1882.9025531250008,1882.9044737500008,1882.920067000001,1882.920067000001,1882.920067000001,1885.135221167,550,1,[2.2147554160001164],[2.214760832999673],01,001,2025-11-10_21h20.08.283,Intentional Binding,,2025.1.1,120.40250557617891,2025-11-10 21h20.37.757503 +0530,
0.4,1000,exp,154,10,9,space,0.7765447909987415,None,387,1,[2.740802333000829],[2.7408074159993703],9,10,154,14,1885.1465970000008,,1885.1354209580004,1885.1465970000008,1886.1304641669994,1886.1304641669994,1886.1365661250002,1886.915544292,space,0.7765447909987415,None,1886.9168784169997,1887.3200848336676,1887.6263942919995,1887.608637583,1887.610735667,1887.6263942919995,1887.6263942919995,1887.6263942919995,1890.3675947499996,387,1,[2.740802333000829],[2.7408074159993703],01,001,2025-11-10_21h20.08.283,Intentional Binding,,2025.1.1,120.40250557617891,2025-11-10 21h20.37.757503 +0530,
0.1,400,unexp,155,11,9,space,0.23432766600126342,None,292,1,[3.341597874999934],[3.3416030000007595],9,11,155,0,1890.3727892499992,,1890.3678080829995,1890.3727892499992,1891.3638429999992,1891.3638429999992,1891.3689934579997,1891.6050589580009,space,0.23432766600126342,None,1891.6064127499994,1891.7059758336675,1892.0223037079995,1892.0024859170007,1892.0043220829994,1892.0223037079995,1892.0223037079995,1892.0223037079995,1895.3643189579998,292,1,[3.341597874999934],[3.3416030000007595],01,001,2025-11-10_21h20.08.283,Intentional Binding,,2025.1.1,120.40250557617891,2025-11-10 21h20.37.757503 +0530,
0.7,1000,exp,156,12,9,space,0.8402494169986312,None,433,1,[2.126138292000178],[2.126143958999819],9,12,156,6,1895.3702923750006,,1895.3645594169993,1895.3702923750006,1896.3560118749992,1896.3560118749992,1896.3634769170003,1897.199158542,space,0.8402494169986312,None,1897.2005575830008,1897.9036249996664,1898.2105579170002,1898.1923539170002,1898.1944124170004,1898.2105579170002,1898.2105579170002,1898.2105579170002,1900.3370957080006,433,1,[2.126138292000178],[2.126143958999819],01,001,2025-11-10_21h20.08.283,Intentional Binding,,2025.1.1,120.40250557617891,2025-11-10 21h20.37.757503 +0530,
0.1,1000,exp,157,13,9,space,0.2203994170013175,None,233,1,[4.403764624999894],[4.403769792001185],9,13,157,13,1900.3473477499992,,1900.3373124169993,1900.3473477499992,1901.3308576670006,1901.3308576670006,1901.3369982500008,1901.5556858750006,space,0.2203994170013175,None,1901.5570385829997,1901.664320541666,1901.9715271250006,1901.9528262500007,1901.9551021250008,1901.9715271250006,1901.9715271250006,1901.9715271250006,1906.3756782500004,233,1,[4.403764624999894],[4.403769792001185],01,001,2025-11-10_21h20.08.283,Intentional Binding,,2025.1.1,120.40250557617891,2025-11-10 21h20.37.757503 +0530,
0.1,1000,exp,158,14,9,space,0.014473375000306987,None,112,1,[5.230433415999869],[5.230438665999827],9,14,158,10,1906.3807887919993,,1906.3758771249995,1906.3807887919993,1907.3708483329992,1907.3708483329992,1907.3708483329992,1907.3889169169997,space,0.014473375000306987,None,1907.3903016250006,1907.4978693336673,1907.8051450420007,1907.7863990829992,1907.7887394169993,1907.8051450420007,1907.8051450420007,1907.8051450420007,1913.0359986250005,112,1,[5.230433415999869],[5.230438665999827],01,001,2025-11-10_21h20.08.283,Intentional Binding,,2025.1.1,120.40250557617891,2025-11-10 21h20.37.757503 +0530,
0.7,1000,exp,159,15,9,space,0.9578942919997644,None,814,1,[5.386241250000239],[5.386246291000134],9,15,159,12,1913.0476293329993,,1913.0362065829995,1913.0476293329993,1914.0314471670008,1914.0314471670008,1914.0378381669998,1915.0000615000008,space,0.9578942919997644,None,1915.0015931670005,1915.7042902916676,1916.0118667080005,1915.993107917,1915.9948923329994,1916.0118667080005,1916.0118667080005,1916.0118667080005,1921.3985306670002,814,1,[5.386241250000239],[5.386246291000134],01,001,2025-11-10_21h20.08.283,Intentional Binding,,2025.1.1,120.40250557617891,2025-11-10 21h20.37.757503 +0530,
0.7,1000,exp,160,0,10,space,0.25412833299924387,None,659,1,[2.78302020800038],[2.7830257499990694],10,0,160,9,1921.4034846249997,,1921.3987280000001,1921.4034846249997,1922.3883742079997,1922.3883742079997,1922.3982290830008,1922.6498582500008,space,0.25412833299924387,None,1922.6512523330002,1923.3545199586663,1923.6587469580008,1923.642703083,1923.6444699580006,1923.6587469580008,1923.6587469580008,1923.6587469580008,1926.4421547500006,659,1,[2.78302020800038],[2.7830257499990694],01,001,2025-11-10_21h20.08.283,Intentional Binding,,2025.1.1,120.40250557617891,2025-11-10 21h20.37.757503 +0530,
0.1,400,unexp,161,1,10,space,11.26956758400047,None,980,1,[2.7609193330008566],[2.760924583000815],10,1,161,0,1926.4476251249998,,1926.442356083,1926.4476251249998,1927.4393219169997,1927.4393219169997,1927.4393219169997,1938.7170867919995,space,11.26956758400047,None,1938.7183645000005,1938.8211169586668,1939.1266597079994,1939.1105767499994,1939.1121254579994,1939.1266597079994,1939.1266597079994,1939.1266597079994,1941.8879748750005,980,1,[2.7609193330008566],[2.760924583000815],01,001,2025-11-10_21h20.08.283,Intentional Binding,,2025.1.1,120.40250557617891,2025-11-10 21h20.37.757503 +0530,
0.7,400,unexp,162,2,10,space,0.050171958000646555,None,147,1,[2.540866666999136],[2.5408722499996657],10,2,162,3,1941.8984356670007,,1941.8881742920003,1941.8984356670007,1942.8822006249993,1942.8822006249993,1942.8884751669993,1942.9341813329993,space,0.050171958000646555,None,1942.9356710419997,1943.6384327496673,1943.9444958330005,1943.9279161249997,1943.9300230829995,1943.9444958330005,1943.9444958330005,1943.9444958330005,1946.4857615420005,147,1,[2.540866666999136],[2.5408722499996657],01,001,2025-11-10_21h20.08.283,Intentional Binding,,2025.1.1,120.40250557617891,2025-11-10 21h20.37.757503 +0530,
0.4,1000,exp,163,3,10,space,0.9134272500014049,None,709,1,[2.2570249589989544],[2.25703008399978],10,3,163,8,1946.4909567079994,,1946.4859623329994,1946.4909567079994,1947.4820411670007,1947.4820411670007,1947.48871125,1948.4007684579992,space,0.9134272500014049,None,1948.4021400830006,1948.8052675836664,1949.1133759580007,1949.0947090419995,1949.0968968750003,1949.1133759580007,1949.1133759580007,1949.1133759580007,1951.3708048749995,709,1,[2.2570249589989544],[2.25703008399978],01,001,2025-11-10_21h20.08.283,Intentional Binding,,2025.1.1,120.40250557617891,2025-11-10 21h20.37.757503 +0530,
0.1,1000,exp,164,4,10,space,0.37554445800014946,None,256,1,[2.3979952499994397],[2.3980010409995884],10,4,164,13,1951.3818455420005,,1951.3710043749998,1951.3818455420005,1952.3658975420003,1952.3658975420003,1952.3730705830003,1952.7506934579997,space,0.37554445800014946,None,1952.7519651250004,1952.8551624166669,1953.160758,1953.1438197499992,1953.1456249580006,1953.160758,1953.160758,1953.160758,1955.5591535830008,256,1,[2.3979952499994397],[2.3980010409995884],01,001,2025-11-10_21h20.08.283,Intentional Binding,,2025.1.1,120.40250557617891,2025-11-10 21h20.37.757503 +0530,
0.1,1000,exp,165,5,10,space,0.5959715000008146,None,638,1,[4.405485082999803],[4.405491292000079],10,5,165,10,1955.5651479579992,,1955.5593517079997,1955.5651479579992,1956.5595061669992,1956.5595061669992,1956.5595061669992,1957.1568210829992,space,0.5959715000008146,None,1957.158199292,1957.266067333667,1957.5711050419995,1957.5545838750004,1957.5576182500008,1957.5711050419995,1957.5711050419995,1957.5711050419995,1961.9769816669996,638,1,[4.405485082999803],[4.405491292000079],01,001,2025-11-10_21h20.08.283,Intentional Binding,,2025.1.1,120.40250557617891,2025-11-10 21h20.37.757503 +0530,
0.1,1000,exp,166,6,10,space,0.4656875829987257,None,418,1,[1.813049124999452],[1.8130545409985643],10,6,166,4,1961.9831731670001,,1961.977184417001,1961.9831731670001,1962.9727746249991,1962.9727746249991,1962.9727746249991,1963.4411517080007,space,0.4656875829987257,None,1963.4425322499992,1963.549436874666,1963.8558873750007,1963.8378912919998,1963.8398916250007,1963.8558873750007,1963.8558873750007,1963.8558873750007,1965.6693282079996,418,1,[1.813049124999452],[1.8130545409985643],01,001,2025-11-10_21h20.08.283,Intentional Binding,,2025.1.1,120.40250557617891,2025-11-10 21h20.37.757503 +0530,
0.7,1000,exp,167,7,10,space,0.45008249999955297,None,944,1,[1.095608290999735],[1.095613666000645],10,7,167,12,1965.6748475000004,,1965.669528292001,1965.6748475000004,1966.6664834999992,1966.6664834999992,1966.676365667001,1967.1263805830004,space,0.45008249999955297,None,1967.1269069169994,1967.8329332916676,1968.1405569170001,1968.1214393329992,1968.1238009579993,1968.1405569170001,1968.1405569170001,1968.1405569170001,1969.2365597919998,944,1,[1.095608290999735],[1.095613666000645],01,001,2025-11-10_21h20.08.283,Intentional Binding,,2025.1.1,120.40250557617891,2025-11-10 21h20.37.757503 +0530,
0.4,400,unexp,168,8,10,space,0.044773666999390116,None,218,1,[1.2069450830003916],[1.2069501250007306],10,8,168,1,1969.2418631670007,,1969.2367593750005,1969.2418631670007,1970.2329275419997,1970.2329275419997,1970.2393136249993,1970.2845995419993,space,0.044773666999390116,None,1970.2861982499999,1970.689104041667,1970.995858958,1970.9777288749992,1970.979481667,1970.995858958,1970.995858958,1970.995858958,1972.203201667,218,1,[1.2069450830003916],[1.2069501250007306],01,001,2025-11-10_21h20.08.283,Intentional Binding,,2025.1.1,120.40250557617891,2025-11-10 21h20.37.757503 +0530,
0.4,400,unexp,169,9,10,space,0.25484883399985847,None,635,1,[1.7883252080009697],[1.788330417000907],10,9,169,2,1972.2083302499996,,1972.2034033750006,1972.2083302499996,1973.1997891669998,1973.1997891669998,1973.2070375420008,1973.4575907500002,space,0.25484883399985847,None,1973.458966708,1973.8665572916673,1974.1730982919998,1974.1547247920007,1974.1580013330004,1974.1730982919998,1974.1730982919998,1974.1730982919998,1975.9618397079994,635,1,[1.7883252080009697],[1.788330417000907],01,001,2025-11-10_21h20.08.283,Intentional Binding,,2025.1.1,120.40250557617891,2025-11-10 21h20.37.757503 +0530,
0.1,1000,exp,170,10,10,space,0.029810124999130494,None,358,1,[3.8155534580000676],[3.815558874999624],10,10,170,7,1975.9685677079997,,1975.9620550830005,1975.9685677079997,1976.9568319169994,1976.9568319169994,1976.9665258749992,1976.9905395829992,space,0.029810124999130494,None,1976.99171475,1977.1003288746672,1977.404991292,1977.3882432080009,1977.3901250830004,1977.404991292,1977.404991292,1977.404991292,1981.2209411250005,358,1,[3.8155534580000676],[3.815558874999624],01,001,2025-11-10_21h20.08.283,Intentional Binding,,2025.1.1,120.40250557617891,2025-11-10 21h20.37.757503 +0530,
0.4,1000,exp,171,11,10,space,30.873137500000666,None,980,1,[4.487277791999077],[4.487282832998972],10,11,171,14,1981.2326869579992,,1981.2211399169992,1981.2326869579992,1982.2166550000002,1982.2166550000002,1982.2241627919993,2013.093176417,space,30.873137500000666,None,2013.0945690829994,2013.5012085836663,2013.8079919579995,2013.7895714170008,2013.791809417,2013.8079919579995,2013.8079919579995,2013.8079919579995,2018.2956605830004,980,1,[4.487277791999077],[4.487282832998972],01,001,2025-11-10_21h20.08.283,Intentional Binding,,2025.1.1,120.40250557617891,2025-11-10 21h20.37.757503 +0530,
0.7,1000,exp,172,12,10,space,0.2696733749999112,None,944,1,[3.8594486670008337],[3.85945379199984],10,12,172,6,2018.3018261670004,,2018.2958665829992,2018.3018261670004,2019.2904987919992,2019.2904987919992,2019.2904987919992,2019.5693969580007,space,0.2696733749999112,None,2019.5704525830006,2020.2740499586673,2020.5783131669996,2020.5624823750004,2020.5640019580005,2020.5783131669996,2020.5783131669996,2020.5783131669996,2024.438171625001,944,1,[3.8594486670008337],[3.85945379199984],01,001,2025-11-10_21h20.08.283,Intentional Binding,,2025.1.1,120.40250557617891,2025-11-10 21h20.37.757503 +0530,
0.7,1000,exp,173,13,10,space,0.6932675409989315,None,709,1,[1.748148165999737],[1.7481534159996954],10,13,173,15,2024.4433287499996,,2024.4383752079993,2024.4433287499996,2025.4339780829996,2025.4339780829996,2025.4339780829996,2026.1363219579998,space,0.6932675409989315,None,2026.1375508330002,2026.8409100416668,2027.1469450000004,2027.1298692920009,2027.1313877079992,2027.1469450000004,2027.1469450000004,2027.1469450000004,2028.8954894170001,709,1,[1.748148165999737],[1.7481534159996954],01,001,2025-11-10_21h20.08.283,Intentional Binding,,2025.1.1,120.40250557617891,2025-11-10 21h20.37.757503 +0530,
0.4,1000,exp,174,14,10,space,0.5400126250005997,None,256,1,[1.6134289159999753],[1.613434374999997],10,14,174,5,2028.9007792920002,,2028.8956890829995,2028.9007792920002,2029.8912720829994,2029.8912720829994,2029.8912720829994,2030.4361389580008,space,0.5400126250005997,None,2030.4373671249996,2030.8410077496667,2031.1475282499996,2031.1303071670009,2031.1319404170008,2031.1475282499996,2031.1475282499996,2031.1475282499996,2032.7613391670002,256,1,[1.6134289159999753],[1.613434374999997],01,001,2025-11-10_21h20.08.283,Intentional Binding,,2025.1.1,120.40250557617891,2025-11-10 21h20.37.757503 +0530,
0.4,1000,exp,175,15,10,space,0.27143529199929617,None,638,1,[2.6240833749998274],[2.6240888749998703],10,15,175,11,2032.7674592919993,,2032.7615440000009,2032.7674592919993,2033.7579241669991,2033.7579241669991,2033.7579241669991,2034.0368418750004,space,0.27143529199929617,None,2034.038305958,2034.4410847086658,2034.7475562920008,2034.729771458,2034.731455833,2034.7475562920008,2034.7475562920008,2034.7475562920008,2037.372040458,638,1,[2.6240833749998274],[2.6240888749998703],01,001,2025-11-10_21h20.08.283,Intentional Binding,,2025.1.1,120.40250557617891,2025-11-10 21h20.37.757503 +0530,
0.4,1000,exp,176,0,11,space,0.470182291999663,None,420,1,[2.799888250001459],[2.7998939589997462],11,0,176,14,2037.3772589170003,,2037.3722462080004,2037.3772589170003,2038.3682122499995,2038.3682122499995,2038.3745805830004,2038.8426326669996,space,0.470182291999663,None,2038.8438432500006,2039.242572999667,2039.5577977079993,2039.5402584999993,2039.5421756249998,2039.5577977079993,2039.5577977079993,2039.5577977079993,2042.3580884170005,420,1,[2.799888250001459],[2.7998939589997462],01,001,2025-11-10_21h20.08.283,Intentional Binding,,2025.1.1,120.40250557617891,2025-11-10 21h20.37.757503 +0530,
0.7,1000,exp,177,1,11,space,0.41277583299961407,None,218,1,[3.2392851669992524],[3.2392905420001625],11,1,177,15,2042.3679567920008,,2042.3582897920005,2042.3679567920008,2043.3517012920001,2043.3517012920001,2043.3587192920004,2043.770258167,space,0.41277583299961407,None,2043.7716377920005,2044.4742917086662,2044.7791811669995,2044.7628627079994,2044.7646105420008,2044.7791811669995,2044.7791811669995,2044.7791811669995,2048.0188945419995,218,1,[3.2392851669992524],[3.2392905420001625],01,001,2025-11-10_21h20.08.283,Intentional Binding,,2025.1.1,120.40250557617891,2025-11-10 21h20.37.757503 +0530,
0.1,1000,exp,178,2,11,space,0.05062904199985496,None,635,1,[2.6919097079990024],[2.6919152499995107],11,2,178,7,2048.0239340000007,,2048.0191262499993,2048.0239340000007,2049.009846000001,2049.009846000001,2049.018337583,2049.0702875829993,space,0.05062904199985496,None,2049.071544917,2049.174879749666,2049.4810009579996,2049.463346875,2049.4655014580003,2049.4810009579996,2049.4810009579996,2049.4810009579996,2052.1733365420005,635,1,[2.6919097079990024],[2.6919152499995107],01,001,2025-11-10_21h20.08.283,Intentional Binding,,2025.1.1,120.40250557617891,2025-11-10 21h20.37.757503 +0530,
0.1,1000,exp,179,3,11,space,0.24870075000035285,None,574,1,[2.1112006660005136],[2.1112060409996047],11,3,179,13,2052.1854207920005,,2052.1735391250004,2052.1854207920005,2053.1689537500006,2053.1689537500006,2053.1760561249994,2053.420737582999,space,0.24870075000035285,None,2053.422366999999,2053.524944416666,2053.829489042,2053.8134068750005,2053.8151436669996,2053.829489042,2053.829489042,2053.829489042,2055.9410866670005,574,1,[2.1112006660005136],[2.1112060409996047],01,001,2025-11-10_21h20.08.283,Intentional Binding,,2025.1.1,120.40250557617891,2025-11-10 21h20.37.757503 +0530,
0.4,1000,exp,180,4,11,space,0.26206345799982955,None,789 ,1,[3.389849665998554],[3.389855457999147],11,4,180,8,2055.9515791249996,,2055.941289917,2055.9515791249996,2056.9355842080004,2056.9355842080004,2056.9425939169996,2057.203696041999,space,0.26206345799982955,None,2057.205073125,2057.608491458667,2057.9139868330003,2057.896975875001,2057.8987170830005,2057.9139868330003,2057.9139868330003,2057.9139868330003,2061.3042477500003,789 ,1,[3.389849665998554],[3.389855457999147],01,001,2025-11-10_21h20.08.283,Intentional Binding,,2025.1.1,120.40250557617891,2025-11-10 21h20.37.757503 +0530,
0.4,1000,exp,181,5,11,space,0.29841358399971796,None,185,1,[4.172284458001741],[4.172289667001678],11,5,181,5,2061.318636958,,2061.3044503750007,2061.318636958,2062.3023582080004,2062.3023582080004,2062.3086805000003,2062.60389475,space,0.29841358399971796,None,2062.605233792001,2063.009407666667,2063.3146285420007,2063.297104957999,2063.2988263749994,2063.3146285420007,2063.3146285420007,2063.3146285420007,2067.487327749999,185,1,[4.172284458001741],[4.172289667001678],01,001,2025-11-10_21h20.08.283,Intentional Binding,,2025.1.1,120.40250557617891,2025-11-10 21h20.37.757503 +0530,
0.7,1000,exp,182,6,11,space,0.99072200000046,None,927,1,[2.5876638750014536],[2.5876692500005447],11,6,182,6,2067.501986417001,,2067.487546917,2067.501986417001,2068.485912,2068.485912,2068.4924043329993,2069.4876426249994,space,0.99072200000046,None,2069.4889299999995,2070.193209458667,2070.498767833,2070.4810522919997,2070.4828142080005,2070.498767833,2070.498767833,2070.498767833,2073.086833083,927,1,[2.5876638750014536],[2.5876692500005447],01,001,2025-11-10_21h20.08.283,Intentional Binding,,2025.1.1,120.40250557617891,2025-11-10 21h20.37.757503 +0530,
0.1,400,unexp,183,7,11,space,0.25952808299916796,None,40,1,[2.1531465409989323],[2.1531516249997367],11,7,183,0,2073.1020055419995,,2073.0870296249996,2073.1020055419995,2074.077268833,2074.077268833,2074.0918239580005,2074.344590375,space,0.25952808299916796,None,2074.3459998750004,2074.4526669166667,2074.7594132920003,2074.741242958,2074.743555625,2074.7594132920003,2074.7594132920003,2074.7594132920003,2076.9129554169995,40,1,[2.1531465409989323],[2.1531516249997367],01,001,2025-11-10_21h20.08.283,Intentional Binding,,2025.1.1,120.40250557617891,2025-11-10 21h20.37.757503 +0530,
0.4,1000,exp,184,8,11,space,0.3567877090008551,None,607 ,1,[3.425737375000608],[3.425742666999213],11,8,184,11,2076.918730042,,2076.913155417,2076.918730042,2077.9090513749998,2077.9090513749998,2077.9090513749998,2078.271398125,space,0.3567877090008551,None,2078.2730660830002,2078.6757452496663,2078.9803245420007,2078.9643985830007,2078.966085917,2078.9803245420007,2078.9803245420007,2078.9803245420007,2082.406456999999,607 ,1,[3.425737375000608],[3.425742666999213],01,001,2025-11-10_21h20.08.283,Intentional Binding,,2025.1.1,120.40250557617891,2025-11-10 21h20.37.757503 +0530,
0.7,1000,exp,185,9,11,space,1.2941262920012377,None,731,1,[2.4595800420011074],[2.4595864590010024],11,9,185,12,2082.411637958001,,2082.4066609580004,2082.411637958001,2083.4028997080004,2083.4028997080004,2083.4093340830004,2084.7051143749995,space,1.2941262920012377,None,2084.7066474999992,2085.409286124667,2085.7149317919993,2085.698956792001,2085.7008044579998,2085.7149317919993,2085.7149317919993,2085.7149317919993,2088.1749291670003,731,1,[2.4595800420011074],[2.4595864590010024],01,001,2025-11-10_21h20.08.283,Intentional Binding,,2025.1.1,120.40250557617891,2025-11-10 21h20.37.757503 +0530,
0.1,1000,exp,186,10,11,space,0.7972446669991768,None,100,1,[1.3770942079991073],[1.3771000409997214],11,10,186,10,2088.1863427499993,,2088.1751482500003,2088.1863427499993,2089.1698957080007,2089.1698957080007,2089.176939499999,2089.971480792001,space,0.7972446669991768,None,2089.9727461250004,2090.0759159586673,2090.3815878330006,2090.3647071249998,2090.3664763750003,2090.3815878330006,2090.3815878330006,2090.3815878330006,2091.7590886670005,100,1,[1.3770942079991073],[1.3771000409997214],01,001,2025-11-10_21h20.08.283,Intentional Binding,,2025.1.1,120.40250557617891,2025-11-10 21h20.37.757503 +0530,
0.7,1000,exp,187,11,11,space,0.41567391699936707,None,265,1,[1.2543613329999062],[1.2543665829998645],11,11,187,9,2091.7695632920004,,2091.759293542,2091.7695632920004,2092.753424458,2092.753424458,2092.759835500001,2093.171596,space,0.41567391699936707,None,2093.1729635829997,2093.8767305416663,2094.182330042,2094.164813458001,2094.1665639580006,2094.182330042,2094.182330042,2094.182330042,2095.437109417,265,1,[1.2543613329999062],[1.2543665829998645],01,001,2025-11-10_21h20.08.283,Intentional Binding,,2025.1.1,120.40250557617891,2025-11-10 21h20.37.757503 +0530,
0.7,400,unexp,188,12,11,space,0.8665291249999427,None,773,1,[2.0047402500003955],[2.00474504200065],11,12,188,3,2095.4420546250003,,2095.437342583,2095.4420546250003,2096.4274014170005,2096.4274014170005,2096.436407333,2097.3051225,space,0.8665291249999427,None,2097.306423958,2098.0098479586673,2098.315298542,2098.2980304169996,2098.300112000001,2098.315298542,2098.315298542,2098.315298542,2100.3204512499997,773,1,[2.0047402500003955],[2.00474504200065],01,001,2025-11-10_21h20.08.283,Intentional Binding,,2025.1.1,120.40250557617891,2025-11-10 21h20.37.757503 +0530,
0.1,1000,exp,189,13,11,space,0.3010507500002859,None,356,1,[4.055193207999764],[4.055198249998284],11,13,189,4,2100.3254916669994,,2100.320678917,2100.3254916669994,2101.3110550420006,2101.3110550420006,2101.3199517499997,2101.6220172499998,space,0.3010507500002859,None,2101.6232376669996,2101.725307291667,2102.0328624169997,2102.015321375,2102.017019125,2102.0328624169997,2102.0328624169997,2102.0328624169997,2106.088450292,356,1,[4.055193207999764],[4.055198249998284],01,001,2025-11-10_21h20.08.283,Intentional Binding,,2025.1.1,120.40250557617891,2025-11-10 21h20.37.757503 +0530,
0.4,400,unexp,190,14,11,space,0.3732398749998538,None,531,1,[1.3579969580005127],[1.3580025830015074],11,14,190,2,2106.103013125001,,2106.0886535419995,2106.103013125001,2107.086873167,2107.086873167,2107.0933616250004,2107.4719127080007,space,0.3732398749998538,None,2107.473286708,2107.876934416667,2108.184403957999,2108.1664485420006,2108.1681723330003,2108.184403957999,2108.184403957999,2108.184403957999,2109.5427927500004,531,1,[1.3579969580005127],[1.3580025830015074],01,001,2025-11-10_21h20.08.283,Intentional Binding,,2025.1.1,120.40250557617891,2025-11-10 21h20.37.757503 +0530,
0.4,400,unexp,191,15,11,space,0.033148458000141545,None,61,1,[1.4481825000002573],[1.448188875001506],11,15,191,1,2109.5533941249996,,2109.5429976249998,2109.5533941249996,2110.5370967500003,2110.5370967500003,2110.5435545,2110.5720560829996,space,0.033148458000141545,None,2110.5734197500005,2110.976330124666,2111.2826440829995,2111.264986792001,2111.2667053330006,2111.2826440829995,2111.2826440829995,2111.2826440829995,2112.7312214579997,61,1,[1.4481825000002573],[1.448188875001506],01,001,2025-11-10_21h20.08.283,Intentional Binding,,2025.1.1,120.40250557617891,2025-11-10 21h20.37.757503 +0530,
0.7,1000,exp,192,0,12,space,0.007968167001308757,None,211,1,[4.424895625001227],[4.424900625001101],12,0,192,9,2112.7367883749994,,2112.731419042,2112.7367883749994,2113.7274347919993,2113.7274347919993,2113.7274347919993,2113.7390034170003,space,0.007968167001308757,None,2113.740356333001,2114.4432972496675,2114.7489444580006,2114.7319807919994,2114.7339068750007,2114.7489444580006,2114.7489444580006,2114.7489444580006,2119.1742416670004,211,1,[4.424895625001227],[4.424900625001101],01,001,2025-11-10_21h20.08.283,Intentional Binding,,2025.1.1,120.40250557617891,2025-11-10 21h20.37.757503 +0530,
0.1,1000,exp,193,1,12,space,0.6534675830007473,None,731,1,[7.5971895000002405],[7.5971947079997335],12,1,193,7,2119.1794515,,2119.1744428750008,2119.1794515,2120.1707493329995,2120.1707493329995,2120.177164875,2120.828115667,space,0.6534675830007473,None,2120.829321667001,2120.9377724166666,2121.2436841670005,2121.225929792001,2121.228101375,2121.2436841670005,2121.2436841670005,2121.2436841670005,2128.8413022919995,731,1,[7.5971895000002405],[7.5971947079997335],01,001,2025-11-10_21h20.08.283,Intentional Binding,,2025.1.1,120.40250557617891,2025-11-10 21h20.37.757503 +0530,
0.7,1000,exp,194,2,12,space,0.30001220799931616,None,723,1,[4.216894416998912],[4.216899624998405],12,2,194,6,2128.846669458,,2128.841502042,2128.846669458,2129.83763025,2129.83763025,2129.844022708001,2130.1394707500003,space,0.30001220799931616,None,2130.1408572500004,2130.843941208667,2131.1482511249997,2131.1326735830007,2131.1342384580003,2131.1482511249997,2131.1482511249997,2131.1482511249997,2135.3655552500004,723,1,[4.216894416998912],[4.216899624998405],01,001,2025-11-10_21h20.08.283,Intentional Binding,,2025.1.1,120.40250557617891,2025-11-10 21h20.37.757503 +0530,
0.7,1000,exp,195,3,12,space,1.498614792000808,None,523,1,[5.926884541999243],[5.926890834000005],12,3,195,15,2135.370896292001,,2135.365756958001,2135.370896292001,2136.3611110830007,2136.3611110830007,2136.3611110830007,2137.8622437920003,space,1.498614792000808,None,2137.8636481249996,2138.5713224586675,2138.8777973329998,2138.859817875,2138.861765875001,2138.8777973329998,2138.8777973329998,2138.8777973329998,2144.8050862500004,523,1,[5.926884541999243],[5.926890834000005],01,001,2025-11-10_21h20.08.283,Intentional Binding,,2025.1.1,120.40250557617891,2025-11-10 21h20.37.757503 +0530,
0.4,400,unexp,196,4,12,space,0.16133191700100724,None,61,1,[4.214889041999413],[4.214894708000429],12,4,196,2,2144.8110709169996,,2144.805320333,2144.8110709169996,2145.7951178330004,2145.7951178330004,2145.8048907499997,2145.9632125000007,space,0.16133191700100724,None,2145.9645564580005,2146.3715468746673,2146.6776394999997,2146.6600442920007,2146.6620149169994,2146.6776394999997,2146.6776394999997,2146.6776394999997,2150.8929329170005,61,1,[4.214889041999413],[4.214894708000429],01,001,2025-11-10_21h20.08.283,Intentional Binding,,2025.1.1,120.40250557617891,2025-11-10 21h20.37.757503 +0530,
0.4,1000,exp,197,5,12,space,0.19042129199988267,None,888,1,[2.9209715830002096],[2.920976792000147],12,5,197,11,2150.9052068750007,,2150.89314025,2150.9052068750007,2151.8880865419997,2151.8880865419997,2151.8950630420004,2152.08990275,space,0.19042129199988267,None,2152.0912652919997,2152.4945870836677,2152.8006019580007,2152.782630625001,2152.784331125,2152.8006019580007,2152.8006019580007,2152.8006019580007,2155.7219645000005,888,1,[2.9209715830002096],[2.920976792000147],01,001,2025-11-10_21h20.08.283,Intentional Binding,,2025.1.1,120.40250557617891,2025-11-10 21h20.37.757503 +0530,
0.4,400,unexp,198,6,12,space,0.2757627089995367,None,249,1,[2.421081291999144],[2.4210867499987216],12,6,198,1,2155.727480333,,2155.7221972080006,2155.727480333,2156.712873541999,2156.712873541999,2156.7213974999995,2157.000345208,space,0.2757627089995367,None,2157.000882417,2157.405257083667,2157.711489417001,2157.6937515829995,2157.6957327500004,2157.711489417001,2157.711489417001,2157.711489417001,2160.132961792,249,1,[2.421081291999144],[2.4210867499987216],01,001,2025-11-10_21h20.08.283,Intentional Binding,,2025.1.1,120.40250557617891,2025-11-10 21h20.37.757503 +0530,
0.1,1000,exp,199,7,12,space,7.269938667001043,None,607,1,[1.7322828750002373],[1.7322887080008513],12,7,199,10,2160.138520167,,2160.1331635829993,2160.138520167,2161.1290454579994,2161.1290454579994,2161.1290454579994,2168.4073737920007,space,7.269938667001043,None,2168.4089563750003,2168.5151770416674,2168.8285572080003,2168.810591042,2168.8124905000004,2168.8285572080003,2168.8285572080003,2168.8285572080003,2170.5612385000004,607,1,[1.7322828750002373],[1.7322887080008513],01,001,2025-11-10_21h20.08.283,Intentional Binding,,2025.1.1,120.40250557617891,2025-11-10 21h20.37.757503 +0530,
0.7,1000,exp,200,8,12,space,0.2856791249996604,None,427,1,[3.5368033750000905],[3.536808459000895],12,8,200,12,2170.5717012919995,,2170.5614540000006,2170.5717012919995,2171.5555831250003,2171.5555831250003,2171.562622792,2171.846858375,space,0.2856791249996604,None,2171.848282125,2172.555968291667,2172.861993208,2172.8441345829997,2172.8460462500007,2172.861993208,2172.861993208,2172.861993208,2176.3991975829995,427,1,[3.5368033750000905],[3.536808459000895],01,001,2025-11-10_21h20.08.283,Intentional Binding,,2025.1.1,120.40250557617891,2025-11-10 21h20.37.757503 +0530,
0.1,1000,exp,201,9,12,space,0.1447331250001298,None,139,1,[4.175776082998709],[4.175781665999239],12,9,201,4,2176.4049655830004,,2176.399403208001,2176.4049655830004,2177.395591417,2177.395591417,2177.395591417,2177.5460911669998,space,0.1447331250001298,None,2177.546615916999,2177.645421208667,2177.9514645420004,2177.933934208,2177.9356773750005,2177.9514645420004,2177.9514645420004,2177.9514645420004,2182.127713375001,139,1,[4.175776082998709],[4.175781665999239],01,001,2025-11-10_21h20.08.283,Intentional Binding,,2025.1.1,120.40250557617891,2025-11-10 21h20.37.757503 +0530,
0.1,1000,exp,202,10,12,space,1.9848915000002307,None,163,1,[1.9485405840005114],[1.948545750001358],12,10,202,13,2182.140144125,,2182.1279254170004,2182.140144125,2183.122491833001,2183.122491833001,2183.1292246249996,2185.113570416999,space,1.9848915000002307,None,2185.1148818750007,2185.2227802086677,2185.5291249170004,2185.5110954169995,2185.5134682499993,2185.5291249170004,2185.5291249170004,2185.5291249170004,2187.4780683749996,163,1,[1.9485405840005114],[1.948545750001358],01,001,2025-11-10_21h20.08.283,Intentional Binding,,2025.1.1,120.40250557617891,2025-11-10 21h20.37.757503 +0530,
0.4,1000,exp,203,11,12,space,0.0477810420015885,None,532,1,[2.070762540999567],[2.0707684160006465],12,11,203,5,2187.4888231250006,,2187.4782739580005,2187.4888231250006,2188.4728443330005,2188.4728443330005,2188.47924875,2188.5246573330005,space,0.0477810420015885,None,2188.5261859580005,2188.9292067496667,2189.2364639999996,2189.218292333,2189.2200014169994,2189.2364639999996,2189.2364639999996,2189.2364639999996,2191.3076230419992,532,1,[2.070762540999567],[2.0707684160006465],01,001,2025-11-10_21h20.08.283,Intentional Binding,,2025.1.1,120.40250557617891,2025-11-10 21h20.37.757503 +0530,
0.4,1000,exp,204,12,12,space,0.5903972910000448,None,420,1,[5.8830724580002425],[5.8830774999987625],12,12,204,8,2191.3224507920004,,2191.307838500001,2191.3224507920004,2192.3060857500004,2192.3060857500004,2192.313576332999,2192.908087874999,space,0.5903972910000448,None,2192.9095051250006,2193.3126752916673,2193.616848083,2193.600579958,2193.602084458,2193.616848083,2193.616848083,2193.616848083,2199.500316042,420,1,[5.8830724580002425],[5.8830774999987625],01,001,2025-11-10_21h20.08.283,Intentional Binding,,2025.1.1,120.40250557617891,2025-11-10 21h20.37.757503 +0530,
0.4,1000,exp,205,13,12,space,0.6086158340003749,None,825,1,[2.5224243749999005],[2.5224307919997955],12,13,205,14,2199.5058184579993,,2199.500518250001,2199.5058184579993,2200.497209833,2200.497209833,2200.497209833,2201.1085607080004,space,0.6086158340003749,None,2201.110136667001,2201.512430999667,2201.817285958001,2201.801076083,2201.802807,2201.817285958001,2201.817285958001,2201.817285958001,2204.3401505420006,825,1,[2.5224243749999005],[2.5224307919997955],01,001,2025-11-10_21h20.08.283,Intentional Binding,,2025.1.1,120.40250557617891,2025-11-10 21h20.37.757503 +0530,
0.1,400,unexp,206,14,12,space,1.6145414999991772,None,119,1,[7.026616000001013],[7.026621166000041],12,14,206,0,2204.3459850420004,,2204.3403732080005,2204.3459850420004,2205.3301470829992,2205.3301470829992,2205.3399087079997,2206.9477858749997,space,1.6145414999991772,None,2206.9491760830006,2207.0565897086676,2207.3643661669994,2207.3454585,2207.347776041999,2207.3643661669994,2207.3643661669994,2207.3643661669994,2214.3913850829995,119,1,[7.026616000001013],[7.026621166000041],01,001,2025-11-10_21h20.08.283,Intentional Binding,,2025.1.1,120.40250557617891,2025-11-10 21h20.37.757503 +0530,
0.7,400,unexp,207,15,12,space,4.002128625001205,None,741,1,[4.090092207999987],[4.0900972910003475],12,15,207,3,2214.4064182500006,,2214.3915900829998,2214.4064182500006,2215.3899475420003,2215.3899475420003,2215.3964544579994,2219.3977478750003,space,4.002128625001205,None,2219.3989414999996,2220.0970590836664,2220.4001788749993,2220.38472025,2220.3862332080007,2220.4001788749993,2220.4001788749993,2220.4001788749993,2224.4906728330006,741,1,[4.090092207999987],[4.0900972910003475],01,001,2025-11-10_21h20.08.283,Intentional Binding,,2025.1.1,120.40250557617891,2025-11-10 21h20.37.757503 +0530,
0.4,1000,exp,208,0,13,space,0.026977124998666113,None,10,1,[2.0775924590016075],[2.077597584000614],13,0,208,8,2224.4963674169994,,2224.490904167,2224.4963674169994,2225.4812269169997,2225.4812269169997,2225.4900952919998,2225.514511208001,space,0.026977124998666113,None,2225.5157132919994,2225.923985458667,2226.2295587080007,2226.2124433749996,2226.214347542,2226.2295587080007,2226.2295587080007,2226.2295587080007,2228.307579458,10,1,[2.0775924590016075],[2.077597584000614],01,001,2025-11-10_21h20.08.283,Intentional Binding,,2025.1.1,120.40250557617891,2025-11-10 21h20.37.757503 +0530,
0.1,1000,exp,209,1,13,space,0.36586945799899695,None,25,1,[3.5786691670000437],[3.5786746249996213],13,1,209,4,2228.3125427920004,,2228.307792083,2228.3125427920004,2229.297469583,2229.297469583,2229.307361583,2229.6649694999996,space,0.36586945799899695,None,2229.666416708,2229.774322999667,2230.081325958001,2230.062509833,2230.0644141249995,2230.081325958001,2230.081325958001,2230.081325958001,2233.660394208,25,1,[3.5786691670000437],[3.5786746249996213],01,001,2025-11-10_21h20.08.283,Intentional Binding,,2025.1.1,120.40250557617891,2025-11-10 21h20.37.757503 +0530,
0.7,1000,exp,210,2,13,space,0.29585716700057674,None,312,1,[4.671752707999985],[4.671758708000198],13,2,210,9,2233.6655637500007,,2233.660593458,2233.6655637500007,2234.657544875001,2234.657544875001,2234.663320625001,2234.9591720829994,space,0.29585716700057674,None,2234.9606299999996,2235.6636184586664,2235.969979457999,2235.952068208,2235.954213249999,2235.969979457999,2235.969979457999,2235.969979457999,2240.642130583001,312,1,[4.671752707999985],[4.671758708000198],01,001,2025-11-10_21h20.08.283,Intentional Binding,,2025.1.1,120.40250557617891,2025-11-10 21h20.37.757503 +0530,
0.4,1000,exp,211,3,13,space,0.900513291999232,None,601,1,[2.309317082999769],[2.3093221669987543],13,3,211,11,2240.657113833,,2240.6423331669994,2240.657113833,2241.640859708001,2241.640859708001,2241.6472930420005,2242.5477111670007,space,0.900513291999232,None,2242.5482513330007,2242.947896416667,2243.2532430829997,2243.2359944580003,2243.237785707999,2243.2532430829997,2243.2532430829997,2243.2532430829997,2245.5629492499993,601,1,[2.309317082999769],[2.3093221669987543],01,001,2025-11-10_21h20.08.283,Intentional Binding,,2025.1.1,120.40250557617891,2025-11-10 21h20.37.757503 +0530,
0.1,1000,exp,212,4,13,space,0.7228138749997015,None,261,1,[6.397665625001537],[6.397671083001114],13,4,212,10,2245.5738049579995,,2245.5631497920003,2245.5738049579995,2246.5575856670002,2246.5575856670002,2246.5640576250007,2247.28200275,space,0.7228138749997015,None,2247.283363291999,2247.3914640416665,2247.69687625,2247.6793132500006,2247.6815382080003,2247.69687625,2247.69687625,2247.69687625,2254.0949632499996,261,1,[6.397665625001537],[6.397671083001114],01,001,2025-11-10_21h20.08.283,Intentional Binding,,2025.1.1,120.40250557617891,2025-11-10 21h20.37.757503 +0530,
0.7,400,unexp,213,5,13,space,0.3410255420003523,None,927,1,[2.9405502500012517],[2.9405558750004275],13,5,213,3,2254.100279791999,,2254.0951622499997,2254.100279791999,2255.091368333,2255.091368333,2255.0984317919992,2255.442885083001,space,0.3410255420003523,None,2255.444339875001,2256.1474614586664,2256.4561852919996,2256.437276750001,2256.4392109580003,2256.4561852919996,2256.4561852919996,2256.4561852919996,2259.3971314169994,927,1,[2.9405502500012517],[2.9405558750004275],01,001,2025-11-10_21h20.08.283,Intentional Binding,,2025.1.1,120.40250557617891,2025-11-10 21h20.37.757503 +0530,
0.7,1000,exp,214,6,13,space,15.841868041999987,None,503,1,[1.8796316669995576],[1.8796371249991353],13,6,214,6,2259.4075767079994,,2259.397331833001,2259.4075767079994,2260.3913422919995,2260.3913422919995,2260.3975757080007,2276.243891958,space,15.841868041999987,None,2276.245587083,2276.948091708666,2277.25157975,2277.2362400830007,2277.2377710420005,2277.25157975,2277.25157975,2277.25157975,2279.131610708,503,1,[1.8796316669995576],[1.8796371249991353],01,001,2025-11-10_21h20.08.283,Intentional Binding,,2025.1.1,120.40250557617891,2025-11-10 21h20.37.757503 +0530,
0.4,1000,exp,215,7,13,space,1.7042055420006363,None,370,1,[1.6618044170008943],[1.6618099589995836],13,7,215,5,2279.141529167,,2279.1318111250002,2279.141529167,2280.125057583,2280.125057583,2280.131227624999,2281.8343679579993,space,1.7042055420006363,None,2281.835744125001,2282.242297041667,2282.548244333,2282.5304928749993,2282.53241625,2282.548244333,2282.548244333,2282.548244333,2284.210447083,370,1,[1.6618044170008943],[1.6618099589995836],01,001,2025-11-10_21h20.08.283,Intentional Binding,,2025.1.1,120.40250557617891,2025-11-10 21h20.37.757503 +0530,
0.7,1000,exp,216,8,13,space,0.25234420800006774,None,865,1,[1.9626931669990881],[1.9626981250003155],13,8,216,12,2284.224906457999,,2284.210655500001,2284.224906457999,2285.2088800420006,2285.2088800420006,2285.2152606670006,2285.4666632499993,space,0.25234420800006774,None,2285.467884083,2286.175606666666,2286.4820995419996,2286.464044832999,2286.4659044170003,2286.4820995419996,2286.4820995419996,2286.4820995419996,2288.4451906249997,865,1,[1.9626931669990881],[1.9626981250003155],01,001,2025-11-10_21h20.08.283,Intentional Binding,,2025.1.1,120.40250557617891,2025-11-10 21h20.37.757503 +0530,
0.4,400,unexp,217,9,13,space,0.276786667000124,None,97,1,[1.544715374999214],[1.5447207919987704],13,9,217,1,2288.450363374999,,2288.4453958329996,2288.450363374999,2289.442483875,2289.442483875,2289.4496051669994,2289.7280544999994,space,0.276786667000124,None,2289.7292552500003,2290.131620999666,2290.4362354580007,2290.420347333,2290.421891374999,2290.4362354580007,2290.4362354580007,2290.4362354580007,2291.9813680829993,97,1,[1.544715374999214],[1.5447207919987704],01,001,2025-11-10_21h20.08.283,Intentional Binding,,2025.1.1,120.40250557617891,2025-11-10 21h20.37.757503 +0530,
0.1,1000,exp,218,10,13,space,0.40938879099849146,None,634,1,[3.1150145000010525],[3.1150197080005455],13,10,218,13,2291.991924125001,,2291.981569875001,2291.991924125001,2292.975932833,2292.975932833,2292.982285708,2293.394155917,space,0.40938879099849146,None,2293.3956217920004,2293.4986973746677,2293.804320417001,2293.786713207999,2293.7885217500007,2293.804320417001,2293.804320417001,2293.804320417001,2296.91974175,634,1,[3.1150145000010525],[3.1150197080005455],01,001,2025-11-10_21h20.08.283,Intentional Binding,,2025.1.1,120.40250557617891,2025-11-10 21h20.37.757503 +0530,
0.1,1000,exp,219,11,13,space,0.42403700000068056,None,408,1,[2.0137341669997113],[2.0137392090000503],13,11,219,7,2296.9250959170004,,2296.9199484580004,2296.9250959170004,2297.9156003749995,2297.9156003749995,2297.9156003749995,2298.344238875001,space,0.42403700000068056,None,2298.3456365420006,2298.4492730416664,2298.755669708,2298.7381022499994,2298.7399084169992,2298.755669708,2298.755669708,2298.755669708,2300.76980575,408,1,[2.0137341669997113],[2.0137392090000503],01,001,2025-11-10_21h20.08.283,Intentional Binding,,2025.1.1,120.40250557617891,2025-11-10 21h20.37.757503 +0530,
0.1,400,unexp,220,12,13,space,0.22736395799984166,None,245,1,[1.2668048329996964],[1.2668100829996547],13,12,220,0,2300.7752838750002,,2300.770017625,2300.7752838750002,2301.7670225420006,2301.7670225420006,2301.7670225420006,2302.000274958,space,0.22736395799984166,None,2302.0016764579996,2302.1025742916668,2302.4146639579994,2302.398085125,2302.399873582999,2302.4146639579994,2302.4146639579994,2302.4146639579994,2303.6818615419998,245,1,[1.2668048329996964],[1.2668100829996547],01,001,2025-11-10_21h20.08.283,Intentional Binding,,2025.1.1,120.40250557617891,2025-11-10 21h20.37.757503 +0530,
0.4,400,unexp,221,13,13,space,0.3383424579988059,None,56,1,[4.536357458000566],[4.536363958000948],13,13,221,2,2303.692153958,,2303.682061083,2303.692153958,2304.676225292,2304.676225292,2304.682661250001,2305.016078208,space,0.3383424579988059,None,2305.0166004580005,2305.4155828746666,2305.7230371669993,2305.704888208,2305.7070721670007,2305.7230371669993,2305.7230371669993,2305.7230371669993,2310.2598085829995,56,1,[4.536357458000566],[4.536363958000948],01,001,2025-11-10_21h20.08.283,Intentional Binding,,2025.1.1,120.40250557617891,2025-11-10 21h20.37.757503 +0530,
0.7,1000,exp,222,14,13,space,2.706294291998347,None,672,1,[5.3991030840006715],[5.399108084000545],13,14,222,15,2310.2656577079997,,2310.2600242080007,2310.2656577079997,2311.2499863329995,2311.2499863329995,2311.259323542001,2313.961833333,space,2.706294291998347,None,2313.9630384169996,2314.665777333667,2314.9714313330005,2314.954422125,2314.9559358749993,2314.9714313330005,2314.9714313330005,2314.9714313330005,2320.370928208,672,1,[5.3991030840006715],[5.399108084000545],01,001,2025-11-10_21h20.08.283,Intentional Binding,,2025.1.1,120.40250557617891,2025-11-10 21h20.37.757503 +0530,
0.4,1000,exp,223,15,13,space,0.3479929589993844,None,974,1,[2.104129875000581],[2.104135084000518],13,15,223,14,2320.376299083,,2320.371130292,2320.376299083,2321.3670930829994,2321.3670930829994,2321.3670930829994,2321.7174171669994,space,0.3479929589993844,None,2321.7185733749993,2322.126757374667,2322.432819625001,2322.415372833,2322.4175466670004,2322.432819625001,2322.432819625001,2322.432819625001,2324.537328417,974,1,[2.104129875000581],[2.104135084000518],01,001,2025-11-10_21h20.08.283,Intentional Binding,,2025.1.1,120.40250557617891,2025-11-10 21h20.37.757503 +0530,
0.4,400,unexp,224,0,14,space,1.2172498750005616,None,498,1,[2.317542166001658],[2.317547000000559],14,0,224,2,2324.542688583,,2324.5375291670007,2324.542688583,2325.5328676669997,2325.5328676669997,2325.5328676669997,2326.7614912080007,space,1.2172498750005616,None,2326.7626189170005,2327.1662942496664,2327.469957833,2327.454448708,2327.4559360000003,2327.469957833,2327.469957833,2327.469957833,2329.7878906250007,498,1,[2.317542166001658],[2.317547000000559],01,001,2025-11-10_21h20.08.283,Intentional Binding,,2025.1.1,120.40250557617891,2025-11-10 21h20.37.757503 +0530,
0.7,1000,exp,225,1,14,space,0.4930948749988602,None,88,1,[1.657324374999007],[1.6573295829985],14,1,225,6,2329.794196375,,2329.7880894579994,2329.794196375,2330.783161833,2330.783161833,2330.783161833,2331.2788375420005,space,0.4930948749988602,None,2331.2803975000006,2331.9837954166674,2332.290565916999,2332.2720934999998,2332.2738631249995,2332.290565916999,2332.290565916999,2332.290565916999,2333.9482842920006,88,1,[1.657324374999007],[1.6573295829985],01,001,2025-11-10_21h20.08.283,Intentional Binding,,2025.1.1,120.40250557617891,2025-11-10 21h20.37.757503 +0530,
0.4,1000,exp,226,2,14,space,0.22869495800114237,None,90,1,[2.0983418750001874],[2.0983469170005264],14,2,226,5,2333.9597524580004,,2333.948481833,2333.9597524580004,2334.9436378749997,2334.9436378749997,2334.949859417,2335.17974675,space,0.22869495800114237,None,2335.181287666999,2335.5830328336674,2335.8893893330005,2335.871556792001,2335.8732543330007,2335.8893893330005,2335.8893893330005,2335.8893893330005,2337.988129583,90,1,[2.0983418750001874],[2.0983469170005264],01,001,2025-11-10_21h20.08.283,Intentional Binding,,2025.1.1,120.40250557617891,2025-11-10 21h20.37.757503 +0530,
0.1,1000,exp,227,3,14,space,0.14344333300141443,None,37,1,[5.972429499999635],[5.972434208000777],14,3,227,4,2337.9931997919994,,2337.988328542,2337.9931997919994,2338.983844917,2338.983844917,2338.983844917,2339.1378815829994,space,0.14344333300141443,None,2339.1383999169993,2339.244119874666,2339.5490352079996,2339.5319432920005,2339.534110875,2339.5490352079996,2339.5490352079996,2339.5490352079996,2345.521873625001,37,1,[5.972429499999635],[5.972434208000777],01,001,2025-11-10_21h20.08.283,Intentional Binding,,2025.1.1,120.40250557617891,2025-11-10 21h20.37.757503 +0530,
0.1,1000,exp,228,4,14,space,0.2950562080004602,None,194,1,[2.7045760839992],[2.7045813339991582],14,4,228,10,2345.528063625001,,2345.522079083001,2345.528063625001,2346.5182947499998,2346.5182947499998,2346.5182947499998,2346.81903325,space,0.2950562080004602,None,2346.8204226670005,2346.9194656666664,2347.2333952499994,2347.2159324580007,2347.2177918750003,2347.2333952499994,2347.2333952499994,2347.2333952499994,2349.9383552500003,194,1,[2.7045760839992],[2.7045813339991582],01,001,2025-11-10_21h20.08.283,Intentional Binding,,2025.1.1,120.40250557617891,2025-11-10 21h20.37.757503 +0530,
0.4,1000,exp,229,5,14,space,0.1344360829989455,None,300,1,[3.142249750000701],[3.1422551249997923],14,5,229,8,2349.9433915829995,,2349.938559208,2349.9433915829995,2350.9339099999997,2350.9339099999997,2350.9339099999997,2351.0789382500006,space,0.1344360829989455,None,2351.0803022500004,2351.484006791667,2351.789736750001,2351.772001333,2351.7741478749995,2351.789736750001,2351.789736750001,2351.789736750001,2354.932391333001,300,1,[3.142249750000701],[3.1422551249997923],01,001,2025-11-10_21h20.08.283,Intentional Binding,,2025.1.1,120.40250557617891,2025-11-10 21h20.37.757503 +0530,
0.1,1000,exp,230,6,14,space,0.08781304200056184,None,345,1,[3.9227648340001906],[3.922769791999599],14,6,230,13,2354.9438876250006,,2354.9325907919992,2354.9438876250006,2355.927598458,2355.927598458,2355.9340662920004,2356.018507625,space,0.08781304200056184,None,2356.019696542,2356.127501833668,2356.4320414169997,2356.4162118330005,2356.4181220419996,2356.4320414169997,2356.4320414169997,2356.4320414169997,2360.355188542,345,1,[3.9227648340001906],[3.922769791999599],01,001,2025-11-10_21h20.08.283,Intentional Binding,,2025.1.1,120.40250557617891,2025-11-10 21h20.37.757503 +0530,
0.7,1000,exp,231,7,14,space,2.3680692500001896,None,832,1,[3.397487500000352],[3.3974927500003105],14,7,231,12,2360.3604436250007,,2360.3553983750007,2360.3604436250007,2361.3613901669996,2361.3613901669996,2361.3613901669996,2363.73560525,space,2.3680692500001896,None,2363.736797333,2364.435280416667,2364.740628207999,2364.7229320000006,2364.72483775,2364.740628207999,2364.740628207999,2364.740628207999,2368.138527958001,832,1,[3.397487500000352],[3.3974927500003105],01,001,2025-11-10_21h20.08.283,Intentional Binding,,2025.1.1,120.40250557617891,2025-11-10 21h20.37.757503 +0530,
0.4,1000,exp,232,8,14,space,0.32665204200020526,None,547,1,[1.7221431250000023],[1.7221480830012297],14,8,232,11,2368.143822708,,2368.138733874999,2368.143822708,2369.1340059169997,2369.1340059169997,2369.1340059169997,2369.4633027500004,space,0.32665204200020526,None,2369.464967375001,2369.8681295836673,2370.1724142919993,2370.1558933750002,2370.1574717919993,2370.1724142919993,2370.1724142919993,2370.1724142919993,2371.8949560420006,547,1,[1.7221431250000023],[1.7221480830012297],01,001,2025-11-10_21h20.08.283,Intentional Binding,,2025.1.1,120.40250557617891,2025-11-10 21h20.37.757503 +0530,
0.4,400,unexp,233,9,14,space,0.5120968329993048,None,17,1,[5.830635292000807],[5.830640707999919],14,9,233,1,2371.8999580420004,,2371.8951789170005,2371.8999580420004,2372.8854121669992,2372.8854121669992,2372.8947437919996,2373.4022750000004,space,0.5120968329993048,None,2373.4036667500004,2373.8115884586664,2374.120143958,2374.1002373329993,2374.102568417,2374.120143958,2374.120143958,2374.120143958,2379.951180958,17,1,[5.830635292000807],[5.830640707999919],01,001,2025-11-10_21h20.08.283,Intentional Binding,,2025.1.1,120.40250557617891,2025-11-10 21h20.37.757503 +0530,
0.4,1000,exp,234,10,14,space,1.3664905409987114,None,385,1,[2.8492547080004442],[2.8492595000006986],14,10,234,14,2379.9610288330005,,2379.9513821250002,2379.9610288330005,2380.9448580829994,2380.9448580829994,2380.9512180420006,2382.3133375830002,space,1.3664905409987114,None,2382.3148523750006,2382.7177638746675,2383.022472041999,2383.0065502079997,2383.008286208,2383.022472041999,2383.022472041999,2383.022472041999,2385.8721146669996,385,1,[2.8492547080004442],[2.8492595000006986],01,001,2025-11-10_21h20.08.283,Intentional Binding,,2025.1.1,120.40250557617891,2025-11-10 21h20.37.757503 +0530,
0.7,400,unexp,235,11,14,space,0.9310539170000993,None,790,1,[1.8897160829983477],[1.8897209579990886],14,11,235,3,2385.8777302500002,,2385.8723155000007,2385.8777302500002,2386.8682193330005,2386.8682193330005,2386.8682193330005,2387.8033907080007,space,0.9310539170000993,None,2387.8047549170005,2388.5120959166675,2388.8159203329997,2388.80044325,2388.8020324169993,2388.8159203329997,2388.8159203329997,2388.8159203329997,2390.7060424579995,790,1,[1.8897160829983477],[1.8897209579990886],01,001,2025-11-10_21h20.08.283,Intentional Binding,,2025.1.1,120.40250557617891,2025-11-10 21h20.37.757503 +0530,
0.1,1000,exp,236,12,14,space,0.6005302499997924,None,642,1,[2.1909776249995048],[2.1909827910003514],14,12,236,7,2390.711526542,,2390.7062422920008,2390.711526542,2391.701812292,2391.701812292,2391.701812292,2392.313897958,space,0.6005302499997924,None,2392.315522875,2392.4176169166662,2392.721948958,2392.7064857919995,2392.708016458,2392.721948958,2392.721948958,2392.721948958,2394.91339075,642,1,[2.1909776249995048],[2.1909827910003514],01,001,2025-11-10_21h20.08.283,Intentional Binding,,2025.1.1,120.40250557617891,2025-11-10 21h20.37.757503 +0530,
0.7,1000,exp,237,13,14,space,0.20627666600012162,None,285,1,[1.9300419169994711],[1.9300473749990488],14,13,237,9,2394.928399083001,,2394.913597125,2394.928399083001,2395.9121300829993,2395.9121300829993,2395.918504792,2396.129204625,space,0.20627666600012162,None,2396.1297350000004,2396.8287994586667,2397.1362509579994,2397.1172439580005,2397.119583875001,2397.1362509579994,2397.1362509579994,2397.1362509579994,2399.066697,285,1,[1.9300419169994711],[1.9300473749990488],01,001,2025-11-10_21h20.08.283,Intentional Binding,,2025.1.1,120.40250557617891,2025-11-10 21h20.37.757503 +0530,
0.7,1000,exp,238,14,14,space,0.18355645799965714,None,959,1,[3.182095250000202],[3.1821000830004778],14,14,238,15,2399.0782235000006,,2399.066908375,2399.0782235000006,2400.0619256669997,2400.0619256669997,2400.0683557499997,2400.24755025,space,0.18355645799965714,None,2400.2490632499994,2400.951792874667,2401.2571024999997,2401.2397672080006,2401.2414774169993,2401.2571024999997,2401.2571024999997,2401.2571024999997,2404.439583792,959,1,[3.182095250000202],[3.1821000830004778],01,001,2025-11-10_21h20.08.283,Intentional Binding,,2025.1.1,120.40250557617891,2025-11-10 21h20.37.757503 +0530,
0.1,400,unexp,239,15,14,space,0.27284954200149514,None,400,1,[1.5300099579999369],[1.5300154169999587],14,15,239,0,2404.4449012080004,,2404.4397978750003,2404.4449012080004,2405.435600875,2405.435600875,2405.435600875,2405.7140302080006,space,0.27284954200149514,None,2405.7156468329995,2405.8185585416672,2406.121329875001,2406.107110375,2406.1085033750005,2406.121329875001,2406.121329875001,2406.121329875001,2407.6517801249993,400,1,[1.5300099579999369],[1.5300154169999587],01,001,2025-11-10_21h20.08.283,Intentional Binding,,2025.1.1,120.40250557617891,2025-11-10 21h20.37.757503 +0530,
0.4,1000,exp,240,0,15,space,6.081177375001062,None,336,1,[2.182693124999787],[2.18269804099873],15,0,240,14,2407.662016458,,2407.651987583,2407.662016458,2408.6458340419995,2408.6458340419995,2408.652326457999,2414.7315120420008,space,6.081177375001062,None,2414.7328790829997,2415.1355076666664,2415.4394334579993,2415.4239352080003,2415.4254745,2415.4394334579993,2415.4394334579993,2415.4394334579993,2417.622518417,336,1,[2.182693124999787],[2.18269804099873],01,001,2025-11-10_21h20.08.283,Intentional Binding,,2025.1.1,120.40250557617891,2025-11-10 21h20.37.757503 +0530,
0.7,1000,exp,241,1,15,space,0.49975274999997055,None,909,1,[1.2871365419996437],[1.2871418329996231],15,1,241,15,2417.6285936250006,,2417.6227303329997,2417.6285936250006,2418.6202234169996,2418.6202234169996,2418.6202234169996,2419.1476390419994,space,0.49975274999997055,None,2419.148947042,2419.8534179996664,2420.1694002919994,2420.151300292,2420.1531933330007,2420.1694002919994,2420.1694002919994,2420.1694002919994,2421.4569247500003,909,1,[1.2871365419996437],[1.2871418329996231],01,001,2025-11-10_21h20.08.283,Intentional Binding,,2025.1.1,120.40250557617891,2025-11-10 21h20.37.757503 +0530,
0.1,1000,exp,242,2,15,space,0.417143999999098,None,231,1,[3.0245003340005496],[3.0245061250006984],15,2,242,10,2421.4623796670003,,2421.4571255829997,2421.4623796670003,2422.4538081249993,2422.4538081249993,2422.4538081249993,2422.8810908329997,space,0.417143999999098,None,2422.8824470830004,2422.9855303336667,2423.291728,2423.2741731669994,2423.2759305830004,2423.291728,2423.291728,2423.291728,2426.3166209169995,231,1,[3.0245003340005496],[3.0245061250006984],01,001,2025-11-10_21h20.08.283,Intentional Binding,,2025.1.1,120.40250557617891,2025-11-10 21h20.37.757503 +0530,
0.1,1000,exp,243,3,15,space,0.2871065830004227,None,20,1,[4.765509708000536],[4.765515333001531],15,3,243,7,2426.321724457999,,2426.3168273329993,2426.321724457999,2427.3129292079993,2427.3129292079993,2427.3193405420006,2427.6041959579998,space,0.2871065830004227,None,2427.6054744169996,2427.713038874667,2428.0192578330007,2428.001461624999,2428.0033616250003,2428.0192578330007,2428.0192578330007,2428.0192578330007,2432.7851625420008,20,1,[4.765509708000536],[4.765515333001531],01,001,2025-11-10_21h20.08.283,Intentional Binding,,2025.1.1,120.40250557617891,2025-11-10 21h20.37.757503 +0530,
0.1,400,unexp,244,4,15,space,1.1371617909990164,None,117,1,[1.3644052500003454],[1.3644104169998172],15,4,244,0,2432.7959025830005,,2432.7853629580004,2432.7959025830005,2433.7798635830004,2433.7798635830004,2433.7859718750005,2434.9205847499998,space,1.1371617909990164,None,2434.9219520829993,2435.0200976246674,2435.3250608750004,2435.3076029170006,2435.3094252499995,2435.3250608750004,2435.3250608750004,2435.3250608750004,2436.689853,117,1,[1.3644052500003454],[1.3644104169998172],01,001,2025-11-10_21h20.08.283,Intentional Binding,,2025.1.1,120.40250557617891,2025-11-10 21h20.37.757503 +0530,
0.7,1000,exp,245,5,15,space,0.32860941600119986,None,550,1,[1.6152660000007018],[1.6152713750016119],15,5,245,6,2436.6957530830005,,2436.6900593749997,2436.6957530830005,2437.6864979580005,2437.6864979580005,2437.6864979580005,2438.0216241670005,space,0.32860941600119986,None,2438.023290917001,2438.7299269166674,2439.037290792001,2439.018413375001,2439.020824458001,2439.037290792001,2439.037290792001,2439.037290792001,2440.6529786249994,550,1,[1.6152660000007018],[1.6152713750016119],01,001,2025-11-10_21h20.08.283,Intentional Binding,,2025.1.1,120.40250557617891,2025-11-10 21h20.37.757503 +0530,
0.4,1000,exp,246,6,15,space,0.295626249999259,None,127,1,[5.148813375000827],[5.1488190420004685],15,6,246,8,2440.663190458001,,2440.653181875001,2440.663190458001,2441.6465716250004,2441.6465716250004,2441.6536180830008,2441.9480073329996,space,0.295626249999259,None,2441.9486951670006,2442.347058708667,2442.6533695420003,2442.6353008330007,2442.6372399169995,2442.6533695420003,2442.6533695420003,2442.6533695420003,2447.8025791670007,127,1,[5.148813375000827],[5.1488190420004685],01,001,2025-11-10_21h20.08.283,Intentional Binding,,2025.1.1,120.40250557617891,2025-11-10 21h20.37.757503 +0530,
0.4,400,unexp,247,7,15,space,1.6831634169993777,None,387,1,[2.9632811669998773],[2.963286333000724],15,7,247,2,2447.812931042001,,2447.8027774170005,2447.812931042001,2448.7969094580003,2448.7969094580003,2448.8029525,2450.48215525,space,1.6831634169993777,None,2450.483677667,2450.8862484996666,2451.19358725,2451.175534917,2451.1772855420004,2451.19358725,2451.19358725,2451.19358725,2454.1572649169993,387,1,[2.9632811669998773],[2.963286333000724],01,001,2025-11-10_21h20.08.283,Intentional Binding,,2025.1.1,120.40250557617891,2025-11-10 21h20.37.757503 +0530,
0.1,1000,exp,248,8,15,space,0.25793979199988826,None,214,1,[6.4319640419998905],[6.431969041999764],15,8,248,4,2454.162959792,,2454.1574679999994,2454.162959792,2455.153186583,2455.153186583,2455.153186583,2455.4156844169993,space,0.25793979199988826,None,2455.417052250001,2455.519957791667,2455.8258151249993,2455.8084629580007,2455.8102106250008,2455.8258151249993,2455.8258151249993,2455.8258151249993,2462.2581856670004,214,1,[6.4319640419998905],[6.431969041999764],01,001,2025-11-10_21h20.08.283,Intentional Binding,,2025.1.1,120.40250557617891,2025-11-10 21h20.37.757503 +0530,
0.4,1000,exp,249,9,15,space,6.897842540998681,None,433,1,[1.8742004579999048],[1.874205666999842],15,9,249,5,2462.263293374999,,2462.2583869169994,2462.263293374999,2463.253609583,2463.253609583,2463.253609583,2470.1549012920004,space,6.897842540998681,None,2470.1562934579997,2470.565160124667,2470.876556917001,2470.8585718329996,2470.860588083,2470.876556917001,2470.876556917001,2470.876556917001,2472.7511517919993,433,1,[1.8742004579999048],[1.874205666999842],01,001,2025-11-10_21h20.08.283,Intentional Binding,,2025.1.1,120.40250557617891,2025-11-10 21h20.37.757503 +0530,
0.7,1000,exp,250,10,15,space,0.23311129200010328,None,815,1,[2.307813375000478],[2.3078186660004576],15,10,250,12,2472.7565630419995,,2472.7513521670007,2472.7565630419995,2473.7475575419994,2473.7475575419994,2473.7539115,2473.9827564999996,space,0.23311129200010328,None,2473.9843417499997,2474.6870909586673,2474.9915115000003,2474.975779917,2474.9772873330003,2474.9915115000003,2474.9915115000003,2474.9915115000003,2477.2997259170006,815,1,[2.307813375000478],[2.3078186660004576],01,001,2025-11-10_21h20.08.283,Intentional Binding,,2025.1.1,120.40250557617891,2025-11-10 21h20.37.757503 +0530,
0.4,1000,exp,251,11,15,space,0.2878579170010198,None,239,1,[5.444582625001203],[5.444588000000294],15,11,251,11,2477.314415250001,,2477.2999359999994,2477.314415250001,2478.2977137920006,2478.2977137920006,2478.3047901249993,2478.5885965420002,space,0.2878579170010198,None,2478.5898093329997,2478.997831291667,2479.3044206249997,2479.2862957920006,2479.2882083330005,2479.3044206249997,2479.3044206249997,2479.3044206249997,2484.749403,239,1,[5.444582625001203],[5.444588000000294],01,001,2025-11-10_21h20.08.283,Intentional Binding,,2025.1.1,120.40250557617891,2025-11-10 21h20.37.757503 +0530,
0.7,1000,exp,252,12,15,space,0.24780870799986587,None,658,1,[2.7830990830007067],[2.7831045830007497],15,12,252,9,2484.763993082999,,2484.7496047919994,2484.763993082999,2485.7479560419997,2485.7479560419997,2485.7541774580004,2485.9994693749995,space,0.24780870799986587,None,2486.0007572079994,2486.7041933336664,2487.0091482499993,2486.9926836249997,2486.9944629580004,2487.0091482499993,2487.0091482499993,2487.0091482499993,2489.7926674579994,658,1,[2.7830990830007067],[2.7831045830007497],01,001,2025-11-10_21h20.08.283,Intentional Binding,,2025.1.1,120.40250557617891,2025-11-10 21h20.37.757503 +0530,
0.7,400,unexp,253,13,15,space,1.0080844170006458,None,980,1,[3.5154376669997873],[3.515442999998413],15,13,253,3,2489.798614292,,2489.7928695829996,2489.798614292,2490.7878770000007,2490.7878770000007,2490.7878770000007,2491.7996452919997,space,1.0080844170006458,None,2491.8008690000006,2492.5042284996675,2492.8103217080006,2492.793144458001,2492.7948531250004,2492.8103217080006,2492.8103217080006,2492.8103217080006,2496.3261669999993,980,1,[3.5154376669997873],[3.515442999998413],01,001,2025-11-10_21h20.08.283,Intentional Binding,,2025.1.1,120.40250557617891,2025-11-10 21h20.37.757503 +0530,
0.4,400,unexp,254,14,15,space,0.18969112500053598,None,147,1,[1.824115792000157],[1.8241207920000306],15,14,254,1,2496.3323121249996,,2496.326385083001,2496.3323121249996,2497.3211772920004,2497.3211772920004,2497.3211772920004,2497.51662375,space,0.18969112500053598,None,2497.517990708,2497.9214789996663,2498.225102167,2498.209418708,2498.21097525,2498.225102167,2498.225102167,2498.225102167,2500.0496146669993,147,1,[1.824115792000157],[1.8241207920000306],01,001,2025-11-10_21h20.08.283,Intentional Binding,,2025.1.1,120.40250557617891,2025-11-10 21h20.37.757503 +0530,
0.1,1000,exp,255,15,15,space,0.24152425000102085,None,34,1,[5.129146125000261],[5.129151250001087],15,15,255,13,2500.0645172080003,,2500.0498275419995,2500.0645172080003,2501.048276166999,2501.048276166999,2501.0546761250007,2501.299957917001,space,0.24152425000102085,None,2501.3013240420005,2501.4053574996674,2501.708289708,2501.6930612079996,2501.694571708,2501.708289708,2501.708289708,2501.708289708,2506.8378375419998,34,1,[5.129146125000261],[5.129151250001087],01,001,2025-11-10_21h20.08.283,Intentional Binding,,2025.1.1,120.40250557617891,2025-11-10 21h20.37.757503 +0530,
0.1,1000,exp,256,0,16,space,0.31349045900060446,None,80,1,[8.166291624998848],[8.166296916999272],16,0,256,10,2506.847969208,,2506.8380616249997,2506.847969208,2507.8321461670002,2507.8321461670002,2507.8384600419995,2508.1499117919993,space,0.31349045900060446,None,2508.1515897080008,2508.2580563336674,2508.5710372079993,2508.553769667,2508.5556655,2508.5710372079993,2508.5710372079993,2508.5710372079993,2516.7377297500007,80,1,[8.166291624998848],[8.166296916999272],01,001,2025-11-10_21h20.08.283,Intentional Binding,,2025.1.1,120.40250557617891,2025-11-10 21h20.37.757503 +0530,
0.7,1000,exp,257,1,16,space,0.12349950000134413,None,638,1,[4.5093800840004405],[4.509385875000589],16,1,257,15,2516.748295542,,2516.7379331249995,2516.748295542,2517.7320278749994,2517.7320278749994,2517.739094458,2517.86707475,space,0.12349950000134413,None,2517.8684238749993,2518.571714291666,2518.8788160000004,2518.8606970420005,2518.862441583,2518.8788160000004,2518.8788160000004,2518.8788160000004,2523.3885955000005,638,1,[4.5093800840004405],[4.509385875000589],01,001,2025-11-10_21h20.08.283,Intentional Binding,,2025.1.1,120.40250557617891,2025-11-10 21h20.37.757503 +0530,
0.1,1000,exp,258,2,16,space,0.10994733400002588,None,418,1,[1.949286667000706],[1.9492920000011509],16,2,258,4,2523.3984504170003,,2523.3887933330006,2523.3984504170003,2524.382601583,2524.382601583,2524.3889170420007,2524.5006682500007,space,0.10994733400002588,None,2524.5015506670006,2524.6089119586672,2524.921875124999,2524.9043180419994,2524.90620725,2524.921875124999,2524.921875124999,2524.921875124999,2526.8715575000006,418,1,[1.949286667000706],[1.9492920000011509],01,001,2025-11-10_21h20.08.283,Intentional Binding,,2025.1.1,120.40250557617891,2025-11-10 21h20.37.757503 +0530,
0.4,1000,exp,259,3,16,space,0.2087474170002679,None,242,1,[7.166147416999593],[7.166152333000355],16,3,259,14,2526.881999792,,2526.8717680419995,2526.881999792,2527.8658572500008,2527.8658572500008,2527.873363750001,2528.0840375000007,space,0.2087474170002679,None,2528.0854758330006,2528.4884851246666,2528.7935950829997,2528.7778030829995,2528.7793000420006,2528.7935950829997,2528.7935950829997,2528.7935950829997,2535.9601282500007,242,1,[7.166147416999593],[7.166152333000355],01,001,2025-11-10_21h20.08.283,Intentional Binding,,2025.1.1,120.40250557617891,2025-11-10 21h20.37.757503 +0530,
0.1,1000,exp,260,4,16,space,0.16050154200092948,None,944,1,[1.4820394159996795],[1.4820469579990458],16,4,260,7,2535.9653054579994,,2535.9603394999995,2535.9653054579994,2536.9571226669996,2536.9571226669996,2536.9571226669996,2537.1236567920005,space,0.16050154200092948,None,2537.1248826249994,2537.232746291668,2537.539663542,2537.5212152919994,2537.5231514999996,2537.539663542,2537.539663542,2537.539663542,2539.0221097920003,944,1,[1.4820394159996795],[1.4820469579990458],01,001,2025-11-10_21h20.08.283,Intentional Binding,,2025.1.1,120.40250557617891,2025-11-10 21h20.37.757503 +0530,
0.4,1000,exp,261,5,16,space,0.22274970799844596,None,214,1,[5.9441707090009],[5.94417600000088],16,5,261,8,2539.0322303329995,,2539.0223404999997,2539.0322303329995,2540.016005542,2540.016005542,2540.022412542001,2540.2408178330006,space,0.22274970799844596,None,2540.2418621670004,2540.6497098336663,2540.9562905830007,2540.9378587499996,2540.939805125001,2540.9562905830007,2540.9562905830007,2540.9562905830007,2546.9009243750006,214,1,[5.9441707090009],[5.94417600000088],01,001,2025-11-10_21h20.08.283,Intentional Binding,,2025.1.1,120.40250557617891,2025-11-10 21h20.37.757503 +0530,
0.4,1000,exp,262,6,16,space,0.8161316250007076,None,635,1,[2.875853083000038],[2.875858540999616],16,6,262,11,2546.9159943329996,,2546.9011422919993,2546.9159943329996,2547.899748,2547.899748,2547.9062128330006,2548.7178716670005,space,0.8161316250007076,None,2548.7192138329992,2549.1223632916667,2549.4297972080003,2549.4121077500004,2549.413888583,2549.4297972080003,2549.4297972080003,2549.4297972080003,2552.306064917,635,1,[2.875853083000038],[2.875858540999616],01,001,2025-11-10_21h20.08.283,Intentional Binding,,2025.1.1,120.40250557617891,2025-11-10 21h20.37.757503 +0530,
0.7,1000,exp,263,7,16,space,0.7280985420002253,None,574,1,[2.394693416001246],[2.394698750000316],16,7,263,12,2552.315880917,,2552.306263458,2552.315880917,2553.299852,2553.299852,2553.3061022500005,2554.0347957920003,space,0.7280985420002253,None,2554.036135208,2554.7393073746666,2555.0417515419995,2555.0270049579995,2555.028393041999,2555.0417515419995,2555.0417515419995,2555.0417515419995,2557.436841500001,574,1,[2.394693416001246],[2.394698750000316],01,001,2025-11-10_21h20.08.283,Intentional Binding,,2025.1.1,120.40250557617891,2025-11-10 21h20.37.757503 +0530,
0.7,1000,exp,264,8,16,space,1.1097533339998336,None,789,1,[2.1598733339997125],[2.1598788339997554],16,8,264,6,2557.44225525,,2557.4370431669995,2557.44225525,2558.433115,2558.433115,2558.4400757919993,2559.5516996250008,space,1.1097533339998336,None,2559.5529440419996,2560.256234124667,2560.561917249999,2560.544608542001,2560.5463861669996,2560.561917249999,2560.561917249999,2560.561917249999,2562.722192292,789,1,[2.1598733339997125],[2.1598788339997554],01,001,2025-11-10_21h20.08.283,Intentional Binding,,2025.1.1,120.40250557617891,2025-11-10 21h20.37.757503 +0530,
0.1,400,unexp,265,9,16,space,1.1965351660001033,None,184,1,[1.8591345829991042],[1.859140041999126],16,9,265,0,2562.732878375,,2562.7223959580006,2562.732878375,2563.7165002500005,2563.7165002500005,2563.7230579999996,2564.9184009580003,space,1.1965351660001033,None,2564.9196720420005,2565.022865874668,2565.3287498749996,2565.311582167,2565.3133641669992,2565.3287498749996,2565.3287498749996,2565.3287498749996,2567.188281750001,184,1,[1.8591345829991042],[1.859140041999126],01,001,2025-11-10_21h20.08.283,Intentional Binding,,2025.1.1,120.40250557617891,2025-11-10 21h20.37.757503 +0530,
0.4,400,unexp,266,10,16,space,0.7665336249992833,None,927,1,[2.174552209000467],[2.1745575000004465],16,10,266,2,2567.200900375001,,2567.1884834579996,2567.200900375001,2568.183509083001,2568.183509083001,2568.1897803329994,2568.951980375001,space,0.7665336249992833,None,2568.953384417,2569.3562554586665,2569.662414333001,2569.6451338330007,2569.646820917,2569.662414333001,2569.662414333001,2569.662414333001,2571.8373621249993,927,1,[2.174552209000467],[2.1745575000004465],01,001,2025-11-10_21h20.08.283,Intentional Binding,,2025.1.1,120.40250557617891,2025-11-10 21h20.37.757503 +0530,
0.4,1000,exp,267,11,16,space,0.0844636250003532,None,40,1,[1.8430409169995983],[1.8430464579996624],16,11,267,5,2571.842573624999,,2571.8375606669997,2571.842573624999,2572.833502292,2572.833502292,2572.840235042,2572.924564375,space,0.0844636250003532,None,2572.9257755,2573.333836041666,2573.6405397920007,2573.6224369169995,2573.6243986669997,2573.6405397920007,2573.6405397920007,2573.6405397920007,2575.4839824579994,40,1,[1.8430409169995983],[1.8430464579996624],01,001,2025-11-10_21h20.08.283,Intentional Binding,,2025.1.1,120.40250557617891,2025-11-10 21h20.37.757503 +0530,
0.1,1000,exp,268,12,16,space,0.017596083000171348,None,32,1,[3.761415750001106],[3.7614210000010644],16,12,268,13,2575.489937208,,2575.4841917079993,2575.489937208,2576.4744702919998,2576.4744702919998,2576.48356875,2576.5025626669994,space,0.017596083000171348,None,2576.5040308749994,2576.6066018746665,2576.9110782919997,2576.8949773330005,2576.896485333,2576.9110782919997,2576.9110782919997,2576.9110782919997,2580.672915833,32,1,[3.761415750001106],[3.7614210000010644],01,001,2025-11-10_21h20.08.283,Intentional Binding,,2025.1.1,120.40250557617891,2025-11-10 21h20.37.757503 +0530,
0.7,1000,exp,269,13,16,space,0.04185175000020536,None,307,1,[3.257439250000971],[3.2574445829995966],16,13,269,9,2580.683922542001,,2580.6731219169997,2580.683922542001,2581.6672280000003,2581.6672280000003,2581.673579917,2581.7189772500005,space,0.04185175000020536,None,2581.720328583,2582.4234425416676,2582.727243083,2582.7117025829994,2582.7132112500003,2582.727243083,2582.727243083,2582.727243083,2585.985085208,307,1,[3.257439250000971],[3.2574445829995966],01,001,2025-11-10_21h20.08.283,Intentional Binding,,2025.1.1,120.40250557617891,2025-11-10 21h20.37.757503 +0530,
0.7,400,unexp,270,14,16,space,1.4795449999983248,None,907,1,[2.8555913749987667],[2.855596458999571],16,14,270,3,2586.0001418329994,,2585.985284582999,2586.0001418329994,2586.9746346249995,2586.9746346249995,2586.9899753749996,2588.4584073749993,space,1.4795449999983248,None,2588.459824875001,2589.1675186666675,2589.4723830000003,2589.457165874999,2589.458680625001,2589.4723830000003,2589.4723830000003,2589.4723830000003,2592.3283919170008,907,1,[2.8555913749987667],[2.855596458999571],01,001,2025-11-10_21h20.08.283,Intentional Binding,,2025.1.1,120.40250557617891,2025-11-10 21h20.37.757503 +0530,
0.4,400,unexp,271,15,16,space,0.27957420900020225,None,600,1,[3.270892250000543],[3.2708973749995494],16,15,271,1,2592.3337752919997,,2592.328602333,2592.3337752919997,2593.3246859579995,2593.3246859579995,2593.3246859579995,2593.609674916999,space,0.27957420900020225,None,2593.6109689170007,2594.017970749667,2594.323340125,2594.3061191670004,2594.308050292,2594.323340125,2594.323340125,2594.323340125,2597.5946464169992,600,1,[3.270892250000543],[3.2708973749995494],01,001,2025-11-10_21h20.08.283,Intentional Binding,,2025.1.1,120.40250557617891,2025-11-10 21h20.37.757503 +0530,
0.7,1000,exp,272,0,17,space,0.45640595800068695,None,731,1,[2.3276152500002354],[2.3276207500002783],17,0,272,12,2597.6003393329993,,2597.5948453750007,2597.6003393329993,2598.5909995,2598.5909995,2598.5909995,2599.0527959579995,space,0.45640595800068695,None,2599.054170666999,2599.757257708667,2600.0621814999995,2600.0459413749995,2600.0476780419995,2600.0621814999995,2600.0621814999995,2600.0621814999995,2602.3901927080005,731,1,[2.3276152500002354],[2.3276207500002783],01,001,2025-11-10_21h20.08.283,Intentional Binding,,2025.1.1,120.40250557617891,2025-11-10 21h20.37.757503 +0530,
0.1,400,unexp,273,1,17,space,1.3047270409988414,None,101,1,[3.4152605829985987],[3.415266291998705],17,1,273,0,2602.400759833001,,2602.390403457999,2602.400759833001,2603.384614458,2603.384614458,2603.3907949580007,2604.6920646670005,space,1.3047270409988414,None,2604.6930596250004,2604.801337291667,2605.106204875001,2605.0924893329993,2605.093020583001,2605.106204875001,2605.106204875001,2605.106204875001,2608.5218685830005,101,1,[3.4152605829985987],[3.415266291998705],01,001,2025-11-10_21h20.08.283,Intentional Binding,,2025.1.1,120.40250557617891,2025-11-10 21h20.37.757503 +0530,
0.7,1000,exp,274,2,17,space,0.35815562499919906,None,265,1,[2.0273862080011895],[2.0273916670012113],17,2,274,9,2608.527263374999,,2608.522082457999,2608.527263374999,2609.5182230829996,2609.5182230829996,2609.525277500001,2609.8863560419995,space,0.35815562499919906,None,2609.8877223750005,2610.591042583667,2610.8958265830006,2610.8793230829997,2610.8810562920007,2610.8958265830006,2610.8958265830006,2610.8958265830006,2612.9236106669996,265,1,[2.0273862080011895],[2.0273916670012113],01,001,2025-11-10_21h20.08.283,Intentional Binding,,2025.1.1,120.40250557617891,2025-11-10 21h20.37.757503 +0530,
0.4,400,unexp,275,3,17,space,0.2902830000002723,None,773,1,[1.7644605420009611],[1.7644660000005388],17,3,275,2,2612.934252000001,,2612.923806625,2612.934252000001,2613.918120542001,2613.918120542001,2613.9252874169997,2614.219866416999,space,0.2902830000002723,None,2614.2212010000003,2614.6240461246675,2614.9301312919997,2614.9140913329993,2614.915807666999,2614.9301312919997,2614.9301312919997,2614.9301312919997,2616.6949910420008,773,1,[1.7644605420009611],[1.7644660000005388],01,001,2025-11-10_21h20.08.283,Intentional Binding,,2025.1.1,120.40250557617891,2025-11-10 21h20.37.757503 +0530,
0.4,1000,exp,276,4,17,space,0.6170196249986475,None,356,1,[1.5042338340008428],[1.5042393340008857],17,4,276,8,2616.7009684999994,,2616.6951910829994,2616.7009684999994,2617.691450458,2617.691450458,2617.691450458,2618.31989375,space,0.6170196249986475,None,2618.321033667,2618.724704833667,2619.030682208,2619.012942583,2619.015062332999,2619.030682208,2619.030682208,2619.030682208,2620.5353280420004,356,1,[1.5042338340008428],[1.5042393340008857],01,001,2025-11-10_21h20.08.283,Intentional Binding,,2025.1.1,120.40250557617891,2025-11-10 21h20.37.757503 +0530,
0.1,1000,exp,277,5,17,space,0.7454784580004343,None,172,1,[6.6875817500003905],[6.6875867920007295],17,5,277,7,2620.5415554579995,,2620.5355359170007,2620.5415554579995,2621.5249673750004,2621.5249673750004,2621.5349942079993,2622.2767002500004,space,0.7454784580004343,None,2622.2780964579997,2622.3846908336677,2622.691544042,2622.673726625,2622.6755909580006,2622.691544042,2622.691544042,2622.691544042,2629.379509582999,172,1,[6.6875817500003905],[6.6875867920007295],01,001,2025-11-10_21h20.08.283,Intentional Binding,,2025.1.1,120.40250557617891,2025-11-10 21h20.37.757503 +0530,
0.1,1000,exp,278,6,17,space,1.8744156250013475,None,773,1,[2.5376365829997667],[2.537641541999619],17,6,278,10,2629.3848021249996,,2629.3797203329996,2629.3848021249996,2630.3763169579997,2630.3763169579997,2630.3763169579997,2632.2537807499994,space,1.8744156250013475,None,2632.2551875829995,2632.3582284166664,2632.664271875001,2632.6466290829994,2632.64849175,2632.664271875001,2632.664271875001,2632.664271875001,2635.202314708,773,1,[2.5376365829997667],[2.537641541999619],01,001,2025-11-10_21h20.08.283,Intentional Binding,,2025.1.1,120.40250557617891,2025-11-10 21h20.37.757503 +0530,
0.7,1000,exp,279,7,17,space,0.5451647089994367,None,444,1,[2.2257972919996973],[2.2258022500009247],17,7,279,15,2635.2080771250003,,2635.20255525,2635.2080771250003,2636.192449667,2636.192449667,2636.2022715830008,2636.744350250001,space,0.5451647089994367,None,2636.746064499999,2637.4524078336676,2637.759640958,2637.740969875,2637.7429452920005,2637.759640958,2637.759640958,2637.759640958,2639.98587375,444,1,[2.2257972919996973],[2.2258022500009247],01,001,2025-11-10_21h20.08.283,Intentional Binding,,2025.1.1,120.40250557617891,2025-11-10 21h20.37.757503 +0530,
0.4,400,unexp,280,8,17,space,0.8988840000001801,None,732,1,[5.4473772500005],[5.447382708000077],17,8,280,1,2639.9908266250004,,2639.986092375,2639.9908266250004,2640.9758753330007,2640.9758753330007,2640.9856395829993,2641.8771075000004,space,0.8988840000001801,None,2641.878446625,2642.2857127916673,2642.5914428329997,2642.574190167001,2642.5764169169997,2642.5914428329997,2642.5914428329997,2642.5914428329997,2648.0392187079997,732,1,[5.4473772500005],[5.447382708000077],01,001,2025-11-10_21h20.08.283,Intentional Binding,,2025.1.1,120.40250557617891,2025-11-10 21h20.37.757503 +0530,
0.1,1000,exp,281,9,17,space,1.5018667500007723,None,61,1,[1.6712218330012547],[1.6712268749997747],17,9,281,4,2648.04448375,,2648.0394192919994,2648.04448375,2649.0358243329993,2649.0358243329993,2649.042228292001,2650.5433884169997,space,1.5018667500007723,None,2650.5446219999994,2650.6528954166665,2650.958200792,2650.9411619170005,2650.9434350419997,2650.958200792,2650.958200792,2650.958200792,2652.6298272919994,61,1,[1.6712218330012547],[1.6712268749997747],01,001,2025-11-10_21h20.08.283,Intentional Binding,,2025.1.1,120.40250557617891,2025-11-10 21h20.37.757503 +0530,
0.4,1000,exp,282,10,17,space,0.8009653339995566,None,77,1,[2.946968125001149],[2.9469730840010016],17,10,282,14,2652.6351668749994,,2652.6300245420007,2652.6351668749994,2653.62576325,2653.62576325,2653.62576325,2654.4375695,space,0.8009653339995566,None,2654.4387625,2654.842184874666,2655.149782167,2655.1317613329993,2655.1336399579995,2655.149782167,2655.149782167,2655.149782167,2658.0971439170007,77,1,[2.946968125001149],[2.9469730840010016],01,001,2025-11-10_21h20.08.283,Intentional Binding,,2025.1.1,120.40250557617891,2025-11-10 21h20.37.757503 +0530,
0.1,1000,exp,283,11,17,space,1.7521010830005253,None,8,1,[5.832225292000658],[5.8322301670013985],17,11,283,13,2658.1033475000004,,2658.097347000001,2658.1033475000004,2659.093778541999,2659.093778541999,2659.093778541999,2660.8545367919996,space,1.7521010830005253,None,2660.8558046670005,2660.958055499667,2661.264566,2661.247446707999,2661.249168208,2661.264566,2661.264566,2661.264566,2667.097198457999,8,1,[5.832225292000658],[5.8322301670013985],01,001,2025-11-10_21h20.08.283,Intentional Binding,,2025.1.1,120.40250557617891,2025-11-10 21h20.37.757503 +0530,
0.7,1000,exp,284,12,17,space,0.3418344159999833,None,888,1,[2.1218255420008063],[2.121830666999813],17,12,284,6,2667.1025826669993,,2667.0974120829997,2667.1025826669993,2668.092638,2668.092638,2668.092638,2668.437837292,space,0.3418344159999833,None,2668.4392157919992,2669.143496791667,2669.4583328749995,2669.4413849579996,2669.4430036249996,2669.4583328749995,2669.4583328749995,2669.4583328749995,2671.5805523750005,888,1,[2.1218255420008063],[2.121830666999813],01,001,2025-11-10_21h20.08.283,Intentional Binding,,2025.1.1,120.40250557617891,2025-11-10 21h20.37.757503 +0530,
0.4,1000,exp,285,13,17,space,0.24914750000061758,None,249,1,[2.0709523749992513],[2.0709574169995904],17,13,285,11,2671.587360333,,2671.5807519169994,2671.587360333,2672.5763022499996,2672.5763022499996,2672.5763022499996,2672.828035083001,space,0.24914750000061758,None,2672.8294206249993,2673.236559749667,2673.5425906670007,2673.5250139170003,2673.5268687080006,2673.5425906670007,2673.5425906670007,2673.5425906670007,2675.6139621250004,249,1,[2.0709523749992513],[2.0709574169995904],01,001,2025-11-10_21h20.08.283,Intentional Binding,,2025.1.1,120.40250557617891,2025-11-10 21h20.37.757503 +0530,
0.7,400,unexp,286,14,17,space,0.29411995800001023,None,601,1,[3.999024000000645],[3.9990303330014285],17,14,286,3,2675.6192017079993,,2675.614176375,2675.6192017079993,2676.6103042079994,2676.6103042079994,2676.6103042079994,2676.9103462500007,space,0.29411995800001023,None,2676.9109184579993,2677.609510124667,2677.9149301670004,2677.8979018749997,2677.8998030420007,2677.9149301670004,2677.9149301670004,2677.9149301670004,2681.914361125,601,1,[3.999024000000645],[3.9990303330014285],01,001,2025-11-10_21h20.08.283,Intentional Binding,,2025.1.1,120.40250557617891,2025-11-10 21h20.37.757503 +0530,
0.4,1000,exp,287,15,17,space,3.131837082999482,None,249,1,[4.569640207999328],[4.56964516699918],17,15,287,5,2681.919673042001,,2681.914567874999,2681.919673042001,2682.910464041999,2682.910464041999,2682.910464041999,2686.044532,space,3.131837082999482,None,2686.0454764999995,2686.4534575836665,2686.76155775,2686.7422000829993,2686.744112083001,2686.76155775,2686.76155775,2686.76155775,2691.331600416999,249,1,[4.569640207999328],[4.56964516699918],01,001,2025-11-10_21h20.08.283,Intentional Binding,,2025.1.1,120.40250557617891,2025-11-10 21h20.37.757503 +0530,
0.4,1000,exp,288,0,18,space,0.7333433330004482,None,421,1,[2.9581870420006453],[2.958192374999271],18,0,288,14,2691.3385316250005,,2691.3318114169997,2691.3385316250005,2692.3271365830005,2692.3271365830005,2692.337190792001,2693.0723326669995,space,0.7333433330004482,None,2693.073889916999,2693.4764397916665,2693.7842572499994,2693.765860416999,2693.7678406249997,2693.7842572499994,2693.7842572499994,2693.7842572499994,2696.7428430420005,421,1,[2.9581870420006453],[2.958192374999271],01,001,2025-11-10_21h20.08.283,Intentional Binding,,2025.1.1,120.40250557617891,2025-11-10 21h20.37.757503 +0530,
0.7,1000,exp,289,1,18,space,0.3610779160007951,None,163,1,[2.291918875000192],[2.2919239589991776],18,1,289,15,2696.753582666999,,2696.743071125,2696.753582666999,2697.7373145830006,2697.7373145830006,2697.7432482500008,2698.1053775,space,0.3610779160007951,None,2698.10671525,2698.810038541666,2699.114792542001,2699.0981107080006,2699.0996677500007,2699.114792542001,2699.114792542001,2699.114792542001,2701.4071255,163,1,[2.291918875000192],[2.2919239589991776],01,001,2025-11-10_21h20.08.283,Intentional Binding,,2025.1.1,120.40250557617891,2025-11-10 21h20.37.757503 +0530,
0.1,1000,exp,290,2,18,space,1.0735996249986783,None,532,1,[2.142255958999158],[2.1422612499991374],18,2,290,4,2701.412423625001,,2701.407333125,2701.412423625001,2702.403887167,2702.403887167,2702.4103803750004,2703.4891110419994,space,1.0735996249986783,None,2703.490536292,2703.5935123746663,2703.8991745000003,2703.8820123330006,2703.8837832080008,2703.8991745000003,2703.8991745000003,2703.8991745000003,2706.0418273329997,532,1,[2.142255958999158],[2.1422612499991374],01,001,2025-11-10_21h20.08.283,Intentional Binding,,2025.1.1,120.40250557617891,2025-11-10 21h20.37.757503 +0530,
0.4,400,unexp,291,3,18,space,0.4226470000012341,None,825,1,[2.6931010839998635],[2.693106083999737],18,3,291,1,2706.0535411250003,,2706.0420288330006,2706.0535411250003,2707.0369375419996,2707.0369375419996,2707.0432260420002,2707.4615774579997,space,0.4226470000012341,None,2707.462756375,2707.8708678336666,2708.177782875,2708.1593207919996,2708.1611956670004,2708.177782875,2708.177782875,2708.177782875,2710.8712906250003,825,1,[2.6931010839998635],[2.693106083999737],01,001,2025-11-10_21h20.08.283,Intentional Binding,,2025.1.1,120.40250557617891,2025-11-10 21h20.37.757503 +0530,
0.7,1000,exp,292,4,18,space,1.8939107919995877,None,741,1,[3.1648035000016534],[3.1648086670011253],18,4,292,12,2710.876339667,,2710.871492792001,2710.876339667,2711.8617276669993,2711.8617276669993,2711.8706538330007,2713.7629611249995,space,1.8939107919995877,None,2713.764309833001,2714.4710354996664,2714.7772769580006,2714.759792749999,2714.7617613330003,2714.7772769580006,2714.7772769580006,2714.7772769580006,2717.9424808330004,741,1,[3.1648035000016534],[3.1648086670011253],01,001,2025-11-10_21h20.08.283,Intentional Binding,,2025.1.1,120.40250557617891,2025-11-10 21h20.37.757503 +0530,
0.1,1000,exp,293,5,18,space,0.9058319159994426,None,10,1,[1.3938009590001457],[1.3938072090004425],18,5,293,13,2717.9539389170004,,2717.9426850830005,2717.9539389170004,2718.937895833,2718.937895833,2718.9443277499995,2719.8453686249995,space,0.9058319159994426,None,2719.8465649169993,2719.9546036666675,2720.2605576669994,2720.2430895420002,2720.2451993329996,2720.2605576669994,2720.2605576669994,2720.2605576669994,2721.6547995,10,1,[1.3938009590001457],[1.3938072090004425],01,001,2025-11-10_21h20.08.283,Intentional Binding,,2025.1.1,120.40250557617891,2025-11-10 21h20.37.757503 +0530,
0.7,1000,exp,294,6,18,space,0.31134266600020055,None,44,1,[4.8707418750000215],[4.870747000000847],18,6,294,6,2721.6598977079993,,2721.6550118329997,2721.6598977079993,2722.6453134580006,2722.6453134580006,2722.6542664169992,2722.963448458,space,0.31134266600020055,None,2722.9648536669993,2723.671268708666,2723.9783385829996,2723.959720375,2723.9616543329994,2723.9783385829996,2723.9783385829996,2723.9783385829996,2728.849487042,44,1,[4.8707418750000215],[4.870747000000847],01,001,2025-11-10_21h20.08.283,Intentional Binding,,2025.1.1,120.40250557617891,2025-11-10 21h20.37.757503 +0530,
0.4,400,unexp,295,7,18,space,1.5255652079995343,None,740,1,[2.2819732909993036],[2.281978249999156],18,7,295,2,2728.8554153330006,,2728.8496874579996,2728.8554153330006,2729.8446073329997,2729.8446073329997,2729.8446073329997,2731.3730950419995,space,1.5255652079995343,None,2731.3744596670003,2731.7775064996663,2732.083465042,2732.0661137919997,2732.0676353750005,2732.083465042,2732.083465042,2732.083465042,2734.365845292001,740,1,[2.2819732909993036],[2.281978249999156],01,001,2025-11-10_21h20.08.283,Intentional Binding,,2025.1.1,120.40250557617891,2025-11-10 21h20.37.757503 +0530,
0.1,1000,exp,296,8,18,space,0.8115341249995254,None,255,1,[4.9387474579998525],[4.9387525000001915],18,8,296,10,2734.3722233749995,,2734.366052792,2734.3722233749995,2735.3615614169994,2735.3615614169994,2735.3615614169994,2736.1789295420003,space,0.8115341249995254,None,2736.1800904169995,2736.288413499666,2736.594717374999,2736.5769125000006,2736.5791625,2736.594717374999,2736.594717374999,2736.594717374999,2741.533864249999,255,1,[4.9387474579998525],[4.9387525000001915],01,001,2025-11-10_21h20.08.283,Intentional Binding,,2025.1.1,120.40250557617891,2025-11-10 21h20.37.757503 +0530,
0.4,1000,exp,297,9,18,space,2.231893083999239,None,603,1,[5.1605676249982935],[5.160573040999225],18,9,297,5,2741.540666375,,2741.5340648330002,2741.540666375,2742.5293282500006,2742.5293282500006,2742.538194125,2744.762797208001,space,2.231893083999239,None,2744.7637548330003,2745.171801083667,2745.4781911669997,2745.4606428749994,2745.4626162919994,2745.4781911669997,2745.4781911669997,2745.4781911669997,2750.6391552919995,603,1,[5.1605676249982935],[5.160573040999225],01,001,2025-11-10_21h20.08.283,Intentional Binding,,2025.1.1,120.40250557617891,2025-11-10 21h20.37.757503 +0530,
0.4,1000,exp,298,10,18,space,1.0467485829994985,None,315,1,[2.9226934170001186],[2.9226987499987445],18,10,298,8,2750.6441192919992,,2750.639390832999,2750.6441192919992,2751.629494625,2751.629494625,2751.6383289999994,2752.6798469999994,space,1.0467485829994985,None,2752.6812132920004,2753.079017874667,2753.3835542079996,2753.3666200829994,2753.3676675829993,2753.3835542079996,2753.3835542079996,2753.3835542079996,2756.3066672919995,315,1,[2.9226934170001186],[2.9226987499987445],01,001,2025-11-10_21h20.08.283,Intentional Binding,,2025.1.1,120.40250557617891,2025-11-10 21h20.37.757503 +0530,
0.7,1000,exp,299,11,18,space,0.1428790409991052,None,200,1,[5.853581415998633],[5.853586582999924],18,11,299,9,2756.3215990419994,,2756.306870667,2756.3215990419994,2757.305451542001,2757.305451542001,2757.312001208,2757.457614125,space,0.1428790409991052,None,2757.4591569170007,2758.1617027496673,2758.468654167,2758.4508866670003,2758.452629417001,2758.468654167,2758.468654167,2758.468654167,2764.3226575829995,200,1,[5.853581415998633],[5.853586582999924],01,001,2025-11-10_21h20.08.283,Intentional Binding,,2025.1.1,120.40250557617891,2025-11-10 21h20.37.757503 +0530,
0.1,1000,exp,300,12,18,space,0.36592599999858066,None,98,1,[6.446211291999134],[6.4462171670002135],18,12,300,7,2764.3276119170005,,2764.3228672080004,2764.3276119170005,2765.3125190419996,2765.3125190419996,2765.3225624999995,2765.689505791999,space,0.36592599999858066,None,2765.690057375001,2765.789314666667,2766.095900583001,2766.077661916999,2766.079667125001,2766.095900583001,2766.095900583001,2766.095900583001,2772.5425099999993,98,1,[6.446211291999134],[6.4462171670002135],01,001,2025-11-10_21h20.08.283,Intentional Binding,,2025.1.1,120.40250557617891,2025-11-10 21h20.37.757503 +0530,
0.1,400,unexp,301,13,18,space,16.10748466699988,None,332,1,[4.921538667000277],[4.921543834001568],18,13,301,0,2772.5478688330004,,2772.5427139170006,2772.5478688330004,2773.53932075,2773.53932075,2773.5458844170007,2789.6584583330005,space,16.10748466699988,None,2789.6599917919993,2789.7626845416676,2790.0683693329993,2790.0510737080003,2790.052848292,2790.0683693329993,2790.0683693329993,2790.0683693329993,2794.990316167001,332,1,[4.921538667000277],[4.921543834001568],01,001,2025-11-10_21h20.08.283,Intentional Binding,,2025.1.1,120.40250557617891,2025-11-10 21h20.37.757503 +0530,
0.4,1000,exp,302,14,18,space,0.6497590839990153,None,234 ,1,[4.9549963750014285],[4.955001666001408],18,14,302,11,2794.9952711669994,,2794.9905517080006,2794.9952711669994,2795.980623583,2795.980623583,2795.9897910420004,2796.641555417,space,0.6497590839990153,None,2796.642917917001,2797.0468334586662,2797.3516547920008,2797.3349665000005,2797.3364534169996,2797.3516547920008,2797.3516547920008,2797.3516547920008,2802.3070729579995,234 ,1,[4.9549963750014285],[4.955001666001408],01,001,2025-11-10_21h20.08.283,Intentional Binding,,2025.1.1,120.40250557617891,2025-11-10 21h20.37.757503 +0530,
0.7,400,unexp,303,15,18,space,0.29293479199986905,None,450,1,[1.5515955419996317],[1.5516004169985536],18,15,303,3,2802.312027917,,2802.3072936669996,2802.312027917,2803.296782167001,2803.296782167001,2803.306859917,2803.5914470829994,space,0.29293479199986905,None,2803.5926192919997,2804.290713583667,2804.5984714999995,2804.5809759170006,2804.5871222919995,2804.5984714999995,2804.5984714999995,2804.5984714999995,2806.150460500001,450,1,[1.5515955419996317],[1.5516004169985536],01,001,2025-11-10_21h20.08.283,Intentional Binding,,2025.1.1,120.40250557617891,2025-11-10 21h20.37.757503 +0530,
0.1,1000,exp,304,0,19,space,0.625457500000266,None,781,1,[1.6205181250006717],[1.6205234160006512],19,0,304,4,2806.1561075419995,,2806.1506590829995,2806.1561075419995,2807.1472019169996,2807.1472019169996,2807.1472019169996,2807.7750716249993,space,0.625457500000266,None,2807.776210374999,2807.879047083667,2808.1869881250004,2808.1690286249996,2808.170772416999,2808.1869881250004,2808.1869881250004,2808.1869881250004,2809.8079009579997,781,1,[1.6205181250006717],[1.6205234160006512],01,001,2025-11-10_21h20.08.283,Intentional Binding,,2025.1.1,120.40250557617891,2025-11-10 21h20.37.757503 +0530,
0.7,1000,exp,305,1,19,space,0.27830258299945854,None,321,1,[0.92049945799954],[0.9205050830005348],19,1,305,9,2809.8230745830006,,2809.808105124999,2809.8230745830006,2810.797292667001,2810.797292667001,2810.813099375,2811.0811852919996,space,0.27830258299945854,None,2811.0822543329996,2811.7903998746665,2812.0963662920003,2812.0789012080004,2812.0811020420006,2812.0963662920003,2812.0963662920003,2812.0963662920003,2813.0172793750007,321,1,[0.92049945799954],[0.9205050830005348],01,001,2025-11-10_21h20.08.283,Intentional Binding,,2025.1.1,120.40250557617891,2025-11-10 21h20.37.757503 +0530,
0.7,1000,exp,306,2,19,space,0.746061040999848,None,21,1,[0.9796592499988037],[0.9796645409987832],19,2,306,6,2813.0229607500005,,2813.0174731669995,2813.0229607500005,2814.0146834999996,2814.0146834999996,2814.0146834999996,2814.764731417001,space,0.746061040999848,None,2814.7659493749998,2815.4741012086674,2815.780541833001,2815.762409125,2815.7647021249995,2815.780541833001,2815.780541833001,2815.780541833001,2816.760601374999,21,1,[0.9796592499988037],[0.9796645409987832],01,001,2025-11-10_21h20.08.283,Intentional Binding,,2025.1.1,120.40250557617891,2025-11-10 21h20.37.757503 +0530,
0.1,1000,exp,307,3,19,space,0.25955541700022877,None,32,1,[0.7043782910004666],[0.7043837500004884],19,3,307,10,2816.7657853750006,,2816.7608135419996,2816.7657853750006,2817.757283125,2817.757283125,2817.763082457999,2818.0255335,space,0.25955541700022877,None,2818.026918875001,2818.1301584586677,2818.4369192920003,2818.419294417001,2818.4210755000004,2818.4369192920003,2818.4369192920003,2818.4369192920003,2819.1417298750002,32,1,[0.7043782910004666],[0.7043837500004884],01,001,2025-11-10_21h20.08.283,Intentional Binding,,2025.1.1,120.40250557617891,2025-11-10 21h20.37.757503 +0530,
0.4,400,unexp,308,4,19,space,0.27519262499845354,None,197,1,[1.8654976670004544],[1.8655029170004127],19,4,308,2,2819.156741625,,2819.1419532500004,2819.156741625,2820.140621208,2820.140621208,2820.1470494170007,2820.425669583001,space,0.27519262499845354,None,2820.4269175419995,2820.8300314166668,2821.135062792,2821.1180655000007,2821.1199192919994,2821.135062792,2821.135062792,2821.135062792,2823.000949333,197,1,[1.8654976670004544],[1.8655029170004127],01,001,2025-11-10_21h20.08.283,Intentional Binding,,2025.1.1,120.40250557617891,2025-11-10 21h20.37.757503 +0530,
0.7,1000,exp,309,5,19,space,0.32860512499973993,None,264,1,[1.6632519999984652],[1.6632573339993542],19,5,309,15,2823.0066831250006,,2823.0011505830007,2823.0066831250006,2823.9971692920008,2823.9971692920008,2823.9971692920008,2824.3316767920005,space,0.32860512499973993,None,2824.3330567499997,2825.040718708666,2825.3475381669996,2825.329191749999,2825.331183333001,2825.3475381669996,2825.3475381669996,2825.3475381669996,2827.011197625001,264,1,[1.6632519999984652],[1.6632573339993542],01,001,2025-11-10_21h20.08.283,Intentional Binding,,2025.1.1,120.40250557617891,2025-11-10 21h20.37.757503 +0530,
0.4,1000,exp,310,6,19,space,0.14566716700028337,None,32,1,[1.1367064169990044],[1.13671154199983],19,6,310,5,2827.016381167001,,2827.0114002499995,2827.016381167001,2828.007248375001,2828.007248375001,2828.0136905420004,2828.159136708,space,0.14566716700028337,None,2828.1604969580003,2828.564350541667,2828.870903625,2828.852367792,2828.8541192499997,2828.870903625,2828.870903625,2828.870903625,2830.008000874999,32,1,[1.1367064169990044],[1.13671154199983],01,001,2025-11-10_21h20.08.283,Intentional Binding,,2025.1.1,120.40250557617891,2025-11-10 21h20.37.757503 +0530,
0.1,1000,exp,311,7,19,space,0.4499777910004923,None,5,1,[3.3657733330001065],[3.3657788330001495],19,7,311,13,2830.0129570419995,,2830.0082212079997,2830.0129570419995,2830.9978388750005,2830.9978388750005,2831.0074268749995,2831.459177999999,space,0.4499777910004923,None,2831.460555083,2831.562592499666,2831.8687344169994,2831.8524313750004,2831.8541883750004,2831.8687344169994,2831.8687344169994,2831.8687344169994,2835.2349202919995,5,1,[3.3657733330001065],[3.3657788330001495],01,001,2025-11-10_21h20.08.283,Intentional Binding,,2025.1.1,120.40250557617891,2025-11-10 21h20.37.757503 +0530,
0.1,1000,exp,312,8,19,space,10.179522165999515,None,927,1,[3.3942007919995376],[3.394206083001336],19,8,312,7,2835.2405168330006,,2835.2351203750004,2835.2405168330006,2836.231313458,2836.231313458,2836.231313458,2846.415739667,space,10.179522165999515,None,2846.417114,2846.524687708667,2846.830600458001,2846.8128465419995,2846.815098125,2846.830600458001,2846.830600458001,2846.830600458001,2850.225225,927,1,[3.3942007919995376],[3.394206083001336],01,001,2025-11-10_21h20.08.283,Intentional Binding,,2025.1.1,120.40250557617891,2025-11-10 21h20.37.757503 +0530,
0.1,400,unexp,313,9,19,space,0.2782333750001271,None,503,1,[2.0463513750000857],[2.0463567079987115],19,9,313,0,2850.230173125001,,2850.2254449169995,2850.230173125001,2851.215573792,2851.215573792,2851.224549458,2851.498421958,space,0.2782333750001271,None,2851.498945292,2851.6085492086663,2851.9148202920005,2851.8966697920005,2851.8986121670005,2851.9148202920005,2851.9148202920005,2851.9148202920005,2853.9615660420004,503,1,[2.0463513750000857],[2.0463567079987115],01,001,2025-11-10_21h20.08.283,Intentional Binding,,2025.1.1,120.40250557617891,2025-11-10 21h20.37.757503 +0530,
0.4,1000,exp,314,10,19,space,0.9698689159995411,None,370,1,[2.960978499999328],[2.9609837919997517],19,10,314,8,2853.9667035830007,,2853.9617642079993,2853.9667035830007,2854.9580119580005,2854.9580119580005,2854.964757875001,2855.9322235830005,space,0.9698689159995411,None,2855.9333778750006,2856.3317147916664,2856.634041957999,2856.6201265,2856.6215742080003,2856.634041957999,2856.634041957999,2856.634041957999,2859.5954215,370,1,[2.960978499999328],[2.9609837919997517],01,001,2025-11-10_21h20.08.283,Intentional Binding,,2025.1.1,120.40250557617891,2025-11-10 21h20.37.757503 +0530,
0.4,1000,exp,315,11,19,space,1.7036073339986615,None,865,1,[1.8952808330013795],[1.8952863330014225],19,11,315,11,2859.600632042,,2859.595623583,2859.600632042,2860.5924426250003,2860.5924426250003,2860.5924426250003,2862.2993050000005,space,1.7036073339986615,None,2862.3003472500004,2862.708535041668,2863.013943125001,2862.997030332999,2862.9989504999994,2863.013943125001,2863.013943125001,2863.013943125001,2864.9096465420007,865,1,[1.8952808330013795],[1.8952863330014225],01,001,2025-11-10_21h20.08.283,Intentional Binding,,2025.1.1,120.40250557617891,2025-11-10 21h20.37.757503 +0530,
0.7,1000,exp,316,12,19,space,0.32985954099967785,None,97,1,[1.4322731669999484],[1.43227937499978],19,12,316,12,2864.924678333,,2864.9098453330007,2864.924678333,2865.9082743750005,2865.9082743750005,2865.9146732080007,2866.2435225829995,space,0.32985954099967785,None,2866.2448011670003,2866.9480928746675,2867.2530213749997,2867.236485167001,2867.2382810830004,2867.2530213749997,2867.2530213749997,2867.2530213749997,2868.6857073329993,97,1,[1.4322731669999484],[1.43227937499978],01,001,2025-11-10_21h20.08.283,Intentional Binding,,2025.1.1,120.40250557617891,2025-11-10 21h20.37.757503 +0530,
0.4,400,unexp,317,13,19,space,0.26420416700057103,None,634,1,[2.3129530410005827],[2.3129580829991028],19,13,317,1,2868.691175125001,,2868.6859184170007,2868.691175125001,2869.681847874999,2869.681847874999,2869.681847874999,2869.9492377919996,space,0.26420416700057103,None,2869.9502136249994,2870.3587558336662,2870.66302025,2870.6472427499994,2870.649137292001,2870.66302025,2870.66302025,2870.66302025,2872.976367916999,634,1,[2.3129530410005827],[2.3129580829991028],01,001,2025-11-10_21h20.08.283,Intentional Binding,,2025.1.1,120.40250557617891,2025-11-10 21h20.37.757503 +0530,
0.7,400,unexp,318,14,19,space,0.3497797090003587,None,408,1,[2.242321666000862],[2.242327166000905],19,14,318,3,2872.9918654579997,,2872.9765920829996,2872.9918654579997,2873.975523125,2873.975523125,2873.9819227499993,2874.327029124999,space,0.3497797090003587,None,2874.3283848749998,2875.0315665836665,2875.338552917001,2875.3201354579996,2875.321903917,2875.338552917001,2875.338552917001,2875.338552917001,2877.5812723750005,408,1,[2.242321666000862],[2.242327166000905],01,001,2025-11-10_21h20.08.283,Intentional Binding,,2025.1.1,120.40250557617891,2025-11-10 21h20.37.757503 +0530,
0.4,1000,exp,319,15,19,space,0.31159020800077997,None,254,1,[1.210971917000279],[1.2109775000008085],19,15,319,14,2877.5917269170004,,2877.5814915829997,2877.5917269170004,2878.5756242080006,2878.5756242080006,2878.582069124999,2878.8938383330005,space,0.31159020800077997,None,2878.8951869169996,2879.2984002496673,2879.603511208001,2879.587104,2879.5888254580004,2879.603511208001,2879.603511208001,2879.603511208001,2880.8148809169998,254,1,[1.210971917000279],[1.2109775000008085],01,001,2025-11-10_21h20.08.283,Intentional Binding,,2025.1.1,120.40250557617891,2025-11-10 21h20.37.757503 +0530,
0.4,1000,exp,320,0,20,space,0.2682072080006037,None,972,1,[5.426513624999643],[5.4265190419991995],20,0,320,11,2880.8251232500006,,2880.81507925,2880.8251232500006,2881.8089372079994,2881.8089372079994,2881.8151167079996,2882.083620457999,space,0.2682072080006037,None,2882.085006957999,2882.4924388746663,2882.7994267079994,2882.7810118750003,2882.783381667001,2882.7994267079994,2882.7994267079994,2882.7994267079994,2888.226341875001,972,1,[5.426513624999643],[5.4265190419991995],01,001,2025-11-10_21h20.08.283,Intentional Binding,,2025.1.1,120.40250557617891,2025-11-10 21h20.37.757503 +0530,
0.7,400,unexp,321,1,20,space,1.4094915419991594,None,490,1,[2.8602735830008896],[2.8602785830007633],20,1,321,3,2888.231480417,,2888.2265576249993,2888.231480417,2889.2168437500004,2889.2168437500004,2889.2256173330006,2890.6359579170003,space,1.4094915419991594,None,2890.636478083001,2891.3426989996665,2891.649075208001,2891.631166583,2891.6332097079994,2891.649075208001,2891.649075208001,2891.649075208001,2894.5097528749993,490,1,[2.8602735830008896],[2.8602785830007633],01,001,2025-11-10_21h20.08.283,Intentional Binding,,2025.1.1,120.40250557617891,2025-11-10 21h20.37.757503 +0530,
0.4,1000,exp,322,2,20,space,0.3380037919996539,None,728,1,[3.5616995410000527],[3.561704958001428],20,2,322,5,2894.5147292500005,,2894.5099776669995,2894.5147292500005,2895.5004236669993,2895.5004236669993,2895.5090003330006,2895.84353025,space,0.3380037919996539,None,2895.844068042001,2896.2428076246674,2896.550809333001,2896.531356583,2896.533692125,2896.550809333001,2896.550809333001,2896.550809333001,2900.1129047079994,728,1,[3.5616995410000527],[3.561704958001428],01,001,2025-11-10_21h20.08.283,Intentional Binding,,2025.1.1,120.40250557617891,2025-11-10 21h20.37.757503 +0530,
0.4,400,unexp,323,3,20,space,0.14595691700014868,None,193,1,[1.6591328750000685],[1.6591378329994768],20,3,323,1,2900.1182727079995,,2900.1131029999997,2900.1182727079995,2901.109420875,2901.109420875,2901.1156601250004,2901.26120775,space,0.14595691700014868,None,2901.2617188330005,2901.6660063746663,2901.970199292,2901.9539825829997,2901.9557401250004,2901.970199292,2901.970199292,2901.970199292,2903.6297211670008,193,1,[1.6591328750000685],[1.6591378329994768],01,001,2025-11-10_21h20.08.283,Intentional Binding,,2025.1.1,120.40250557617891,2025-11-10 21h20.37.757503 +0530,
0.1,1000,exp,324,4,20,space,0.20612925000023097,None,547,1,[3.986953583000286],[3.98695966699961],20,4,324,7,2903.6350652500005,,2903.6299438749993,2903.6350652500005,2904.626325542,2904.626325542,2904.6327475420003,2904.833844625,space,0.20612925000023097,None,2904.835195625001,2904.943027916667,2905.2497438749997,2905.2315058330005,2905.2334455830005,2905.2497438749997,2905.2497438749997,2905.2497438749997,2909.2371078329998,547,1,[3.986953583000286],[3.98695966699961],01,001,2025-11-10_21h20.08.283,Intentional Binding,,2025.1.1,120.40250557617891,2025-11-10 21h20.37.757503 +0530,
0.1,1000,exp,325,5,20,space,0.7578707920001762,None,832,1,[6.46554041699892],[6.465546333998645],20,5,325,13,2909.2424374170005,,2909.2373206249995,2909.2424374170005,2910.2328030419994,2910.2328030419994,2910.2328030419994,2910.994870167,space,0.7578707920001762,None,2910.9962347500004,2911.1028404586673,2911.4169077080005,2911.398701958,2911.4008632080004,2911.4169077080005,2911.4169077080005,2911.4169077080005,2917.8828444579995,832,1,[6.46554041699892],[6.465546333998645],01,001,2025-11-10_21h20.08.283,Intentional Binding,,2025.1.1,120.40250557617891,2025-11-10 21h20.37.757503 +0530,
0.4,1000,exp,326,6,20,space,1.3343174589990667,None,16,1,[1.7866271249986312],[1.7866320829998585],20,6,326,8,2917.8928041670006,,2917.8830493330006,2917.8928041670006,2918.876259750001,2918.876259750001,2918.882623292,2920.222466542,space,1.3343174589990667,None,2920.2230048750007,2920.6268675836677,2920.9332260829997,2920.9150606250005,2920.9171806249997,2920.9332260829997,2920.9332260829997,2920.9332260829997,2922.720250208,16,1,[1.7866271249986312],[1.7866320829998585],01,001,2025-11-10_21h20.08.283,Intentional Binding,,2025.1.1,120.40250557617891,2025-11-10 21h20.37.757503 +0530,
0.7,1000,exp,327,7,20,space,4.59178858300038,None,390,1,[2.9097989999991114],[2.9098041670004022],20,7,327,15,2922.7260806249997,,2922.7204590420006,2922.7260806249997,2923.7172487080006,2923.7172487080006,2923.7172487080006,2928.3122617080007,space,4.59178858300038,None,2928.3138080829995,2929.0170850416675,2929.3224325829997,2929.3052548329997,2929.307007167001,2929.3224325829997,2929.3224325829997,2929.3224325829997,2932.232643417001,390,1,[2.9097989999991114],[2.9098041670004022],01,001,2025-11-10_21h20.08.283,Intentional Binding,,2025.1.1,120.40250557617891,2025-11-10 21h20.37.757503 +0530,
0.1,400,unexp,328,8,20,space,0.19487137500073004,None,284 ,1,[6.428332499999669],[6.428337665998697],20,8,328,0,2932.2431403329992,,2932.232841958001,2932.2431403329992,2933.227136292,2933.227136292,2933.233463291999,2933.428712375,space,0.19487137500073004,None,2933.4300916249995,2933.5340268746663,2933.8376514169995,2933.821534750001,2933.8233614580004,2933.8376514169995,2933.8376514169995,2933.8376514169995,2940.266382375001,284 ,1,[6.428332499999669],[6.428337665998697],01,001,2025-11-10_21h20.08.283,Intentional Binding,,2025.1.1,120.40250557617891,2025-11-10 21h20.37.757503 +0530,
0.4,1000,exp,329,9,20,space,1.1504166659997281,None,790,1,[3.044231584000954],[3.0442374169997493],20,9,329,14,2940.276688,,2940.2665792499993,2940.276688,2941.26070325,2941.26070325,2941.2671050829995,2942.422241458,space,1.1504166659997281,None,2942.422753625,2942.8276925836676,2943.133795375001,2943.1159684579998,2943.1187405,2943.133795375001,2943.133795375001,2943.133795375001,2946.1784297920003,790,1,[3.044231584000954],[3.0442374169997493],01,001,2025-11-10_21h20.08.283,Intentional Binding,,2025.1.1,120.40250557617891,2025-11-10 21h20.37.757503 +0530,
0.1,1000,exp,330,10,20,space,0.6159209170000395,None,267,1,[5.805048165999324],[5.805054458000086],20,10,330,4,2946.194061667,,2946.1786320829997,2946.194061667,2947.1672806669994,2947.1672806669994,2947.1834435,2947.7852776670006,space,0.6159209170000395,None,2947.7866634170005,2947.8937862496664,2948.2002525419994,2948.182302667001,2948.1841895,2948.2002525419994,2948.2002525419994,2948.2002525419994,2954.005702541999,267,1,[5.805048165999324],[5.805054458000086],01,001,2025-11-10_21h20.08.283,Intentional Binding,,2025.1.1,120.40250557617891,2025-11-10 21h20.37.757503 +0530,
0.7,1000,exp,331,11,20,space,2.094574749999083,None,643,1,[3.182181500000297],[3.182186207999621],20,11,331,9,2954.0119405000005,,2954.0059053330006,2954.0119405000005,2955.000590042,2955.000590042,2955.000590042,2957.1005502499993,space,2.094574749999083,None,2957.101093333,2957.800464874667,2958.1064272500007,2958.089088375,2958.0908331249993,2958.1064272500007,2958.1064272500007,2958.1064272500007,2961.2889971250006,643,1,[3.182181500000297],[3.182186207999621],01,001,2025-11-10_21h20.08.283,Intentional Binding,,2025.1.1,120.40250557617891,2025-11-10 21h20.37.757503 +0530,
0.7,1000,exp,332,12,20,space,0.45989949999966484,None,285,1,[2.0491590830006317],[2.0491659170002094],20,12,332,12,2961.295629208,,2961.289195792,2961.295629208,2962.2844678330002,2962.2844678330002,2962.2946202500007,2962.7465807080007,space,0.45989949999966484,None,2962.7481048749996,2963.451003083667,2963.755616458,2963.7389031250004,2963.7404496670006,2963.755616458,2963.755616458,2963.755616458,2965.805193417,285,1,[2.0491590830006317],[2.0491659170002094],01,001,2025-11-10_21h20.08.283,Intentional Binding,,2025.1.1,120.40250557617891,2025-11-10 21h20.37.757503 +0530,
0.4,400,unexp,333,13,20,space,0.32912054199914564,None,959,1,[1.8648223340005643],[1.864827499999592],20,13,333,2,2965.8106363330007,,2965.8053910830004,2965.8106363330007,2966.801148291999,2966.801148291999,2966.801148291999,2967.135215208,space,0.32912054199914564,None,2967.136381542001,2967.544938291667,2967.8519151670007,2967.8331805,2967.835503708,2967.8519151670007,2967.8519151670007,2967.8519151670007,2969.7171349170003,959,1,[1.8648223340005643],[1.864827499999592],01,001,2025-11-10_21h20.08.283,Intentional Binding,,2025.1.1,120.40250557617891,2025-11-10 21h20.37.757503 +0530,
0.7,1000,exp,334,14,20,space,0.3858028340000601,None,400,1,[1.478149124999618],[1.4781543749995762],20,14,334,6,2969.7275400420003,,2969.7173346670006,2969.7275400420003,2970.7114715829994,2970.7114715829994,2970.7185663750006,2971.1026968330007,space,0.3858028340000601,None,2971.1040576670002,2971.811562041667,2972.116513499999,2972.100102042001,2972.101783958,2972.116513499999,2972.116513499999,2972.116513499999,2973.5950496250007,400,1,[1.478149124999618],[1.4781543749995762],01,001,2025-11-10_21h20.08.283,Intentional Binding,,2025.1.1,120.40250557617891,2025-11-10 21h20.37.757503 +0530,
0.1,1000,exp,335,15,20,space,0.2893363750008575,None,520,1,[2.2734828329994343],[2.2734883749999426],20,15,335,10,2973.6010006670003,,2973.5952631670007,2973.6010006670003,2974.5850905419993,2974.5850905419993,2974.5949661249997,2974.879528208001,space,0.2893363750008575,None,2974.880697625,2974.9844008746663,2975.2887793749996,2975.272857917,2975.2743907500007,2975.2887793749996,2975.2887793749996,2975.2887793749996,2977.5626486250003,520,1,[2.2734828329994343],[2.2734883749999426],01,001,2025-11-10_21h20.08.283,Intentional Binding,,2025.1.1,120.40250557617891,2025-11-10 21h20.37.757503 +0530,
0.7,1000,exp,336,0,21,space,0.29401416600012453,None,756,1,[2.089246583000204],[2.089251375000458],21,0,336,6,2977.5683559579993,,2977.5628442079997,2977.5683559579993,2978.552337542,2978.552337542,2978.5614853749994,2978.852783708,space,0.29401416600012453,None,2978.854165750001,2979.5618505416664,2979.8665081670006,2979.8502267919994,2979.8521301250003,2979.8665081670006,2979.8665081670006,2979.8665081670006,2981.956140791999,756,1,[2.089246583000204],[2.089251375000458],01,001,2025-11-10_21h20.08.283,Intentional Binding,,2025.1.1,120.40250557617891,2025-11-10 21h20.37.757503 +0530,
0.4,1000,exp,337,1,21,space,0.25798562499949185,None,307,1,[1.707194917000379],[1.7072000829994067],21,1,337,11,2981.9617175000003,,2981.9563401670002,2981.9617175000003,2982.9516179170005,2982.9516179170005,2982.9516179170005,2983.2136210829995,space,0.25798562499949185,None,2983.215086792001,2983.618496458667,2983.9244683750003,2983.9080555420005,2983.9106126669994,2983.9244683750003,2983.9244683750003,2983.9244683750003,2985.632052250001,307,1,[1.707194917000379],[1.7072000829994067],01,001,2025-11-10_21h20.08.283,Intentional Binding,,2025.1.1,120.40250557617891,2025-11-10 21h20.37.757503 +0530,
0.1,1000,exp,338,2,21,space,0.9149536249988159,None,851,1,[3.065392624999731],[3.065398124999774],21,2,338,13,2985.6372754999993,,2985.632249458,2985.6372754999993,2986.628709208,2986.628709208,2986.6362358330007,2987.5469762079993,space,0.9149536249988159,None,2987.5485407079996,2987.651347999667,2987.956691792,2987.940156750001,2987.9419154999996,2987.956691792,2987.956691792,2987.956691792,2991.022475375001,851,1,[3.065392624999731],[3.065398124999774],01,001,2025-11-10_21h20.08.283,Intentional Binding,,2025.1.1,120.40250557617891,2025-11-10 21h20.37.757503 +0530,
0.4,1000,exp,339,3,21,space,10.322478833000787,None,137,1,[1.9648862089998147],[1.9648910420000902],21,3,339,8,2991.0279741249997,,2991.0226858330007,2991.0279741249997,2992.018226417,2992.018226417,2992.018226417,3002.347085417001,space,10.322478833000787,None,3002.348809125,3002.751886958666,3003.0579677080004,3003.0405162080006,3003.042042833,3003.0579677080004,3003.0579677080004,3003.0579677080004,3005.023242916999,137,1,[1.9648862089998147],[1.9648910420000902],01,001,2025-11-10_21h20.08.283,Intentional Binding,,2025.1.1,120.40250557617891,2025-11-10 21h20.37.757503 +0530,
0.7,1000,exp,340,4,21,space,4.85182370900111,None,675,1,[1.9334563339998567],[1.933461583999815],21,4,340,12,3005.0285926670003,,3005.0234510829996,3005.0285926670003,3006.0187543329994,3006.0187543329994,3006.0187543329994,3010.881093958,space,4.85182370900111,None,3010.8824424169998,3011.5854470416675,3011.8898872499994,3011.8735638750004,3011.8753290000004,3011.8898872499994,3011.8898872499994,3011.8898872499994,3013.8237437919997,675,1,[1.9334563339998567],[1.933461583999815],01,001,2025-11-10_21h20.08.283,Intentional Binding,,2025.1.1,120.40250557617891,2025-11-10 21h20.37.757503 +0530,
0.7,1000,exp,341,5,21,space,1.1882041669996397,None,495,1,[3.6419282500010013],[3.6419337919996906],21,5,341,15,3013.829999042,,3013.823975667001,3013.829999042,3014.8195114579994,3014.8195114579994,3014.8195114579994,3016.0148242920004,space,1.1882041669996397,None,3016.016406999999,3016.718485499667,3017.0238250420007,3017.0084506250005,3017.0099463330007,3017.0238250420007,3017.0238250420007,3017.0238250420007,3020.666157625001,495,1,[3.6419282500010013],[3.6419337919996906],01,001,2025-11-10_21h20.08.283,Intentional Binding,,2025.1.1,120.40250557617891,2025-11-10 21h20.37.757503 +0530,
0.7,1000,exp,342,6,21,space,0.36108204199990723,None,960,1,[3.1474950419997185],[3.147502458999952],21,6,342,9,3020.671559333001,,3020.666365125,3020.671559333001,3021.662622125001,3021.662622125001,3021.6689384170004,3022.031420833,space,0.36108204199990723,None,3022.0327363750002,3022.7356808336667,3023.0419287080003,3023.024462666999,3023.0263337079996,3023.0419287080003,3023.0419287080003,3023.0419287080003,3026.1898323330006,960,1,[3.1474950419997185],[3.147502458999952],01,001,2025-11-10_21h20.08.283,Intentional Binding,,2025.1.1,120.40250557617891,2025-11-10 21h20.37.757503 +0530,
0.4,1000,exp,343,7,21,space,0.11757516699981352,None,331,1,[3.7733326669986127],[3.773338208999121],21,7,343,14,3026.1956100419993,,3026.190061292,3026.1956100419993,3027.1860587499996,3027.1860587499996,3027.1860587499996,3027.3141042919997,space,0.11757516699981352,None,3027.3154946249997,3027.7192506666674,3028.024592042,3028.00810325,3028.010126333,3028.024592042,3028.024592042,3028.024592042,3031.798324042,331,1,[3.7733326669986127],[3.773338208999121],01,001,2025-11-10_21h20.08.283,Intentional Binding,,2025.1.1,120.40250557617891,2025-11-10 21h20.37.757503 +0530,
0.4,400,unexp,344,8,21,space,1.044354834000842,None,25,1,[2.629734209000162],[2.6297396669997397],21,8,344,1,3031.8125806669996,,3031.7985625420006,3031.8125806669996,3032.7964942500003,3032.7964942500003,3032.802924875001,3033.8475468750003,space,1.044354834000842,None,3033.848449125,3034.2466209166673,3034.5508596670006,3034.5353922079994,3034.53709575,3034.5508596670006,3034.5508596670006,3034.5508596670006,3037.1809940000003,25,1,[2.629734209000162],[2.6297396669997397],01,001,2025-11-10_21h20.08.283,Intentional Binding,,2025.1.1,120.40250557617891,2025-11-10 21h20.37.757503 +0530,
0.4,400,unexp,345,9,21,space,0.5450749999999971,None,39,1,[3.078216292000434],[3.0782217089999904],21,9,345,2,3037.196315917001,,3037.181200833,3037.196315917001,3038.170717833,3038.170717833,3038.1858461249994,3038.720766917,space,0.5450749999999971,None,3038.7219609580006,3039.1301510416674,3039.4380079170005,3039.4190359170007,3039.422426583,3039.4380079170005,3039.4380079170005,3039.4380079170005,3042.5166221670006,39,1,[3.078216292000434],[3.0782217089999904],01,001,2025-11-10_21h20.08.283,Intentional Binding,,2025.1.1,120.40250557617891,2025-11-10 21h20.37.757503 +0530,
0.4,1000,exp,346,10,21,space,0.9342257919997792,None,679,1,[2.041650374998426],[2.0416563329999917],21,10,346,5,3042.5218284580005,,3042.516823,3042.5218284580005,3043.513671500001,3043.513671500001,3043.52133075,3044.4537923749995,space,0.9342257919997792,None,3044.4543184169997,3044.8531152496676,3045.1586405,3045.1412997499992,3045.1431281250007,3045.1586405,3045.1586405,3045.1586405,3047.2006907920004,679,1,[2.041650374998426],[2.0416563329999917],01,001,2025-11-10_21h20.08.283,Intentional Binding,,2025.1.1,120.40250557617891,2025-11-10 21h20.37.757503 +0530,
0.1,1000,exp,347,11,21,space,0.32497795800009044,None,899,1,[3.8490323330006504],[3.8490398750000168],21,11,347,10,3047.2065413750006,,3047.200894207999,3047.2065413750006,3048.196890957999,3048.196890957999,3048.2032914579995,3048.5320251249996,space,0.32497795800009044,None,3048.5334132080006,3048.6400177086675,3048.953238708,3048.935652417,3048.937772792,3048.953238708,3048.953238708,3048.953238708,3052.8026907919993,899,1,[3.8490323330006504],[3.8490398750000168],01,001,2025-11-10_21h20.08.283,Intentional Binding,,2025.1.1,120.40250557617891,2025-11-10 21h20.37.757503 +0530,
0.1,1000,exp,348,12,21,space,0.060848667000755086,None,574,1,[2.5825426249994052],[2.5825477500002307],21,12,348,7,3052.8132365420006,,3052.8028921250007,3052.8132365420006,3053.797231082999,3053.797231082999,3053.8043122500003,3053.865334958,space,0.060848667000755086,None,3053.8666772079996,3053.9699319996676,3054.2753384999996,3054.258357875,3054.2598654579997,3054.2753384999996,3054.2753384999996,3054.2753384999996,3056.8582660419997,574,1,[2.5825426249994052],[2.5825477500002307],01,001,2025-11-10_21h20.08.283,Intentional Binding,,2025.1.1,120.40250557617891,2025-11-10 21h20.37.757503 +0530,
0.7,400,unexp,349,13,21,space,0.09152633399935439,None,233,1,[1.9948241250003775],[1.9948294999994687],21,13,349,3,3056.8636986250003,,3056.8584697080005,3056.8636986250003,3057.8545877920005,3057.8545877920005,3057.8545877920005,3057.948652958001,space,0.09152633399935439,None,3057.94979925,3058.6533428746666,3058.9630588750006,3058.9428834579994,3058.944831125,3058.9630588750006,3058.9630588750006,3058.9630588750006,3060.958335458001,233,1,[1.9948241250003775],[1.9948294999994687],01,001,2025-11-10_21h20.08.283,Intentional Binding,,2025.1.1,120.40250557617891,2025-11-10 21h20.37.757503 +0530,
0.1,400,unexp,350,14,21,space,0.9624732499996753,None,419,1,[2.2199360829999932],[2.219941082999867],21,14,350,0,3060.9638971669992,,3060.9585393750003,3060.9638971669992,3061.953558958001,3061.953558958001,3061.953558958001,3062.921580667,space,0.9624732499996753,None,3062.9228370420005,3063.031038958667,3063.3382482079996,3063.31898525,3063.3208791670004,3063.3382482079996,3063.3382482079996,3063.3382482079996,3065.5585692919994,419,1,[2.2199360829999932],[2.219941082999867],01,001,2025-11-10_21h20.08.283,Intentional Binding,,2025.1.1,120.40250557617891,2025-11-10 21h20.37.757503 +0530,
0.1,1000,exp,351,15,21,space,0.5293220000003203,None,866,1,[2.9641060829999333],[2.9641111659984745],21,15,351,4,3065.5649855419997,,3065.558773375,3065.5649855419997,3066.553701875,3066.553701875,3066.553701875,3067.087808417,space,0.5293220000003203,None,3067.088336749999,3067.1868368336677,3067.4928547500003,3067.47560575,3067.477643833001,3067.4928547500003,3067.4928547500003,3067.4928547500003,3070.457351000001,866,1,[2.9641060829999333],[2.9641111659984745],01,001,2025-11-10_21h20.08.283,Intentional Binding,,2025.1.1,120.40250557617891,2025-11-10 21h20.37.757503 +0530,
0.4,1000,exp,352,0,22,space,0.48883520900017174,None,165,1,[1.2925021669998387],[1.2925073749993317],22,0,352,14,3070.4634155000003,,3070.4575492919994,3070.4634155000003,3071.454321833,3071.454321833,3071.454321833,3071.9499842080004,space,0.48883520900017174,None,3071.9511149169994,3072.3533493336677,3072.6595181249995,3072.6422963330006,3072.644054042001,3072.6595181249995,3072.6595181249995,3072.6595181249995,3073.9524270830007,165,1,[1.2925021669998387],[1.2925073749993317],01,001,2025-11-10_21h20.08.283,Intentional Binding,,2025.1.1,120.40250557617891,2025-11-10 21h20.37.757503 +0530,
0.1,1000,exp,353,1,22,space,0.21206066699960502,None,131,1,[3.9371403330005705],[3.9371453750009096],22,1,353,7,3073.9639143330005,,3073.9526329580003,3073.9639143330005,3074.9481220830003,3074.9481220830003,3074.9546100000007,3075.1646422920003,space,0.21206066699960502,None,3075.165207,3075.264543124666,3075.570128707999,3075.5527275000004,3075.5546673749996,3075.570128707999,3075.570128707999,3075.570128707999,3079.5076724579994,131,1,[3.9371403330005705],[3.9371453750009096],01,001,2025-11-10_21h20.08.283,Intentional Binding,,2025.1.1,120.40250557617891,2025-11-10 21h20.37.757503 +0530,
0.1,1000,exp,354,2,22,space,1.4846391249993758,None,724,1,[2.375231709000218],[2.3752374169998802],22,2,354,10,3079.5137053750004,,3079.5078765,3079.5137053750004,3080.504614208001,3080.504614208001,3080.504614208001,3081.999798375,space,1.4846391249993758,None,3082.0014095829993,3082.1042048336662,3082.409115667,3082.3928185000004,3082.3943211669994,3082.409115667,3082.409115667,3082.409115667,3084.784741416999,724,1,[2.375231709000218],[2.3752374169998802],01,001,2025-11-10_21h20.08.283,Intentional Binding,,2025.1.1,120.40250557617891,2025-11-10 21h20.37.757503 +0530,
0.4,1000,exp,355,3,22,space,0.034063750001223525,None,105,1,[3.1369125000001077],[3.1369176660009543],22,3,355,8,3084.789933917,,3084.784940583,3084.789933917,3085.7812547920003,3085.7812547920003,3085.7876663749994,3085.8224957919992,space,0.034063750001223525,None,3085.8235842920003,3086.231394916668,3086.537382208,3086.519824000001,3086.521790500001,3086.537382208,3086.537382208,3086.537382208,3089.674697083001,105,1,[3.1369125000001077],[3.1369176660009543],01,001,2025-11-10_21h20.08.283,Intentional Binding,,2025.1.1,120.40250557617891,2025-11-10 21h20.37.757503 +0530,
0.4,1000,exp,356,4,22,space,1.55309304200091,None,543,1,[1.1736260840007162],[1.1736316670012457],22,4,356,5,3089.6806766669997,,3089.6749126249997,3089.6806766669997,3090.6712250420005,3090.6712250420005,3090.6712250420005,3092.2339339579994,space,1.55309304200091,None,3092.235215500001,3092.637681124667,3092.9421719170005,3092.9261934999995,3092.9276977499994,3092.9421719170005,3092.9421719170005,3092.9421719170005,3094.11620925,543,1,[1.1736260840007162],[1.1736316670012457],01,001,2025-11-10_21h20.08.283,Intentional Binding,,2025.1.1,120.40250557617891,2025-11-10 21h20.37.757503 +0530,
0.4,400,unexp,357,5,22,space,1.8764908329994796,None,394,1,[2.8336062079997646],[2.8336113750010554],22,5,357,2,3094.1310438750006,,3094.1164088749993,3094.1310438750006,3095.1149488329993,3095.1149488329993,3095.1227262499997,3097.000070833001,space,1.8764908329994796,None,3097.001492666999,3097.4044638336677,3097.708419082999,3097.6929198750004,3097.694440957999,3097.708419082999,3097.708419082999,3097.708419082999,3100.5424257079994,394,1,[2.8336062079997646],[2.8336113750010554],01,001,2025-11-10_21h20.08.283,Intentional Binding,,2025.1.1,120.40250557617891,2025-11-10 21h20.37.757503 +0530,
0.7,1000,exp,358,6,22,space,0.34245233299952815,None,767,1,[3.6464379579992965],[3.6464431250005873],22,6,358,6,3100.5477258749997,,3100.5426530000004,3100.5477258749997,3101.5380144169994,3101.5380144169994,3101.5380144169994,3101.883019375,space,0.34245233299952815,None,3101.8843617919993,3102.582408208666,3102.8886797920004,3102.870303625001,3102.872610708,3102.8886797920004,3102.8886797920004,3102.8886797920004,3106.535511958,767,1,[3.6464379579992965],[3.6464431250005873],01,001,2025-11-10_21h20.08.283,Intentional Binding,,2025.1.1,120.40250557617891,2025-11-10 21h20.37.757503 +0530,
0.7,1000,exp,359,7,22,space,1.1787692079997214,None,229,1,[2.1823272080000606],[2.1823320419989614],22,7,359,9,3106.540656792,,3106.535719583,3106.540656792,3107.5317847919996,3107.5317847919996,3107.5381322079993,3108.7166579170007,space,1.1787692079997214,None,3108.7180219580005,3109.4222503336664,3109.7268223749998,3109.710067958,3109.711588667,3109.7268223749998,3109.7268223749998,3109.7268223749998,3111.9095448749995,229,1,[2.1823272080000606],[2.1823320419989614],01,001,2025-11-10_21h20.08.283,Intentional Binding,,2025.1.1,120.40250557617891,2025-11-10 21h20.37.757503 +0530,
0.4,1000,exp,360,8,22,space,0.4962385830003768,None,113,1,[4.429499624999153],[4.429505041000084],22,8,360,11,3111.9152596250005,,3111.9097592920007,3111.9152596250005,3112.9062605420004,3112.9062605420004,3112.9062605420004,3113.4064940419994,space,0.4962385830003768,None,3113.4078615830003,3113.815657458667,3114.122401041999,3114.1039905830003,3114.106276332999,3114.122401041999,3114.122401041999,3114.122401041999,3118.5523181669996,113,1,[4.429499624999153],[4.429505041000084],01,001,2025-11-10_21h20.08.283,Intentional Binding,,2025.1.1,120.40250557617891,2025-11-10 21h20.37.757503 +0530,
0.7,1000,exp,361,9,22,space,0.8084522080007446,None,930,1,[4.272949917000005],[4.272954874999414],22,9,361,15,3118.557696125001,,3118.552519250001,3118.557696125001,3119.548634875,3119.548634875,3119.555013583,3120.367586708,space,0.8084522080007446,None,3120.369088167001,3121.072664708667,3121.3770153749992,3121.3600300420003,3121.3616272500003,3121.3770153749992,3121.3770153749992,3121.3770153749992,3125.650360292,930,1,[4.272949917000005],[4.272954874999414],01,001,2025-11-10_21h20.08.283,Intentional Binding,,2025.1.1,120.40250557617891,2025-11-10 21h20.37.757503 +0530,
0.1,400,unexp,362,10,22,space,0.1428105830000277,None,157,1,[2.042499000001044],[2.042505291999987],22,10,362,0,3125.665097958001,,3125.650562625,3125.665097958001,3126.6493024169995,3126.6493024169995,3126.6563609170007,3126.8010403749995,space,0.1428105830000277,None,3126.8024987499994,3126.905228541666,3127.210725625,3127.1936059170002,3127.1951220829997,3127.210725625,3127.210725625,3127.210725625,3129.253637375001,157,1,[2.042499000001044],[2.042505291999987],01,001,2025-11-10_21h20.08.283,Intentional Binding,,2025.1.1,120.40250557617891,2025-11-10 21h20.37.757503 +0530,
0.7,400,unexp,363,11,22,space,0.129942999999912,None,5,1,[1.1992717080011062],[1.1992769580010645],22,11,363,3,3129.26520625,,3129.25383675,3129.26520625,3130.249383167,3130.249383167,3130.2561957920007,3130.384323667,space,0.129942999999912,None,3130.3856705420003,3131.0888006246664,3131.393538208,3131.377464667001,3131.3792938330007,3131.393538208,3131.393538208,3131.393538208,3132.5932309580003,5,1,[1.1992717080011062],[1.1992769580010645],01,001,2025-11-10_21h20.08.283,Intentional Binding,,2025.1.1,120.40250557617891,2025-11-10 21h20.37.757503 +0530,
0.1,1000,exp,364,12,22,space,0.9150247079996916,None,358,1,[4.912493499999982],[4.9124988749990735],22,12,364,4,3132.5987205830006,,3132.5934295419993,3132.5987205830006,3133.589094000001,3133.589094000001,3133.589094000001,3134.506875375,space,0.9150247079996916,None,3134.508093541999,3134.6160749586675,3134.924639500001,3134.904789667,3134.906716167001,3134.924639500001,3134.924639500001,3134.924639500001,3139.8375392079997,358,1,[4.912493499999982],[4.9124988749990735],01,001,2025-11-10_21h20.08.283,Intentional Binding,,2025.1.1,120.40250557617891,2025-11-10 21h20.37.757503 +0530,
0.4,400,unexp,365,13,22,space,0.11667329199917731,None,801,1,[1.7051477919994795],[1.705152917000305],22,13,365,1,3139.848946,,3139.837738708,3139.848946,3140.832623292001,3140.832623292001,3140.8394590419994,3140.950899583,space,0.11667329199917731,None,3140.9520413749997,3141.355597166667,3141.660844374999,3141.6436905829996,3141.6454517500006,3141.660844374999,3141.660844374999,3141.660844374999,3143.3663903750003,801,1,[1.7051477919994795],[1.705152917000305],01,001,2025-11-10_21h20.08.283,Intentional Binding,,2025.1.1,120.40250557617891,2025-11-10 21h20.37.757503 +0530,
0.7,1000,exp,366,14,22,space,0.7138773750011751,None,259,1,[2.4531039579997014],[2.4531092079996597],22,14,366,12,3143.3718328329996,,3143.366606083,3143.3718328329996,3144.3563745829997,3144.3563745829997,3144.366165208001,3145.073990000001,space,0.7138773750011751,None,3145.0752400420006,3145.783118333666,3146.0901348749994,3146.0716287920004,3146.0735871670004,3146.0901348749994,3146.0901348749994,3146.0901348749994,3148.543629874999,259,1,[2.4531039579997014],[2.4531092079996597],01,001,2025-11-10_21h20.08.283,Intentional Binding,,2025.1.1,120.40250557617891,2025-11-10 21h20.37.757503 +0530,
0.1,1000,exp,367,15,22,space,0.29541366699959326,None,711,1,[1.2378136249990348],[1.2378183339988027],22,15,367,13,3148.549071208001,,3148.5438319999994,3148.549071208001,3149.5408628330006,3149.5408628330006,3149.5408628330006,3149.8410323749995,space,0.29541366699959326,None,3149.842436000001,3149.9498491246673,3150.256085249999,3150.2382953750002,3150.2404059580003,3150.256085249999,3150.256085249999,3150.256085249999,3151.494284541999,711,1,[1.2378136249990348],[1.2378183339988027],01,001,2025-11-10_21h20.08.283,Intentional Binding,,2025.1.1,120.40250557617891,2025-11-10 21h20.37.757503 +0530,
0.7,1000,exp,368,0,23,space,1.1720378749996598,None,690,1,[1.3485976659994776],[1.3486030410003877],23,0,368,15,3151.500976833,,3151.494486333,3151.500976833,3152.490329917,3152.490329917,3152.499576208,3153.6679713329995,space,1.1720378749996598,None,3153.6688069579995,3154.3724907496676,3154.6784953749993,3154.6612034169993,3154.6629831669998,3154.6784953749993,3154.6784953749993,3154.6784953749993,3156.0275137499993,690,1,[1.3485976659994776],[1.3486030410003877],01,001,2025-11-10_21h20.08.283,Intentional Binding,,2025.1.1,120.40250557617891,2025-11-10 21h20.37.757503 +0530,
0.4,1000,exp,369,1,23,space,0.31526300000041374,None,315,1,[1.4522507499987114],[1.4522565829993255],23,1,369,8,3156.0325706250005,,3156.027722375,3156.0325706250005,3157.024153208,3157.024153208,3157.024153208,3157.3418676250003,space,0.31526300000041374,None,3157.3431904579993,3157.7500352916672,3158.0572849580003,3158.038481292,3158.0404643750007,3158.0572849580003,3158.0572849580003,3158.0572849580003,3159.509943000001,315,1,[1.4522507499987114],[1.4522565829993255],01,001,2025-11-10_21h20.08.283,Intentional Binding,,2025.1.1,120.40250557617891,2025-11-10 21h20.37.757503 +0530,
0.1,1000,exp,370,2,23,space,0.3240759159998561,None,491,1,[1.7218192079999426],[1.7218252500006201],23,2,370,13,3159.5159588330007,,3159.5101442920004,3159.5159588330007,3160.5064287919995,3160.5064287919995,3160.5064287919995,3160.8349619170003,space,0.3240759159998561,None,3160.8363085,3160.9395123336676,3161.2449392920007,3161.228235167,3161.2299719580005,3161.2449392920007,3161.2449392920007,3161.2449392920007,3162.9671918330005,491,1,[1.7218192079999426],[1.7218252500006201],01,001,2025-11-10_21h20.08.283,Intentional Binding,,2025.1.1,120.40250557617891,2025-11-10 21h20.37.757503 +0530,
0.1,1000,exp,371,3,23,space,1.0238580419991195,None,12,1,[1.5874495830012165],[1.587455791001048],23,3,371,10,3162.9721704170006,,3162.967415375,3162.9721704170006,3163.9578458329997,3163.9578458329997,3163.966399000001,3164.9853174170003,space,1.0238580419991195,None,3164.9868059170003,3165.089710083667,3165.395992375001,3165.3780435419994,3165.379843500001,3165.395992375001,3165.395992375001,3165.395992375001,3166.983860958,12,1,[1.5874495830012165],[1.587455791001048],01,001,2025-11-10_21h20.08.283,Intentional Binding,,2025.1.1,120.40250557617891,2025-11-10 21h20.37.757503 +0530,
0.4,400,unexp,372,4,23,space,1.5812853749994247,None,648,1,[3.2353667089992086],[3.235371667000436],23,4,372,1,3166.9889404999994,,3166.9840803330007,3166.9889404999994,3167.97311825,3167.97311825,3167.9836406249997,3169.5579786670005,space,1.5812853749994247,None,3169.5593869580007,3169.9669186666674,3170.274698292,3170.2557180000003,3170.2579985419998,3170.274698292,3170.274698292,3170.274698292,3173.510451708,648,1,[3.2353667089992086],[3.235371667000436],01,001,2025-11-10_21h20.08.283,Intentional Binding,,2025.1.1,120.40250557617891,2025-11-10 21h20.37.757503 +0530,
0.7,400,unexp,373,5,23,space,1.6277881669993803,None,931,1,[2.105805582999892],[2.1058105829997658],23,5,373,3,3173.516309208,,3173.5106682080004,3173.516309208,3174.5067459580005,3174.5067459580005,3174.5067459580005,3176.1413548750006,space,1.6277881669993803,None,3176.1425395000006,3176.8505498336676,3177.1551562080003,3177.138951000001,3177.1408157080004,3177.1551562080003,3177.1551562080003,3177.1551562080003,3179.2613701669998,931,1,[2.105805582999892],[2.1058105829997658],01,001,2025-11-10_21h20.08.283,Intentional Binding,,2025.1.1,120.40250557617891,2025-11-10 21h20.37.757503 +0530,
0.4,400,unexp,374,6,23,space,2.8196892500000104,None,322,1,[1.7714452500003972],[1.771460665999257],23,6,374,2,3179.266815499999,,3179.2615710829996,3179.266815499999,3180.256913542,3180.256913542,3180.256913542,3183.0856774170006,space,2.8196892500000104,None,3183.087068375,3183.4901233746664,3183.795884708001,3183.7787652919997,3183.7802365419993,3183.795884708001,3183.795884708001,3183.795884708001,3185.5677354580002,322,1,[1.7714452500003972],[1.771460665999257],01,001,2025-11-10_21h20.08.283,Intentional Binding,,2025.1.1,120.40250557617891,2025-11-10 21h20.37.757503 +0530,
0.4,1000,exp,375,7,23,space,1.519187707999663,None,707,1,[1.6752474999993865],[1.6752528750002966],23,7,375,11,3185.572736,,3185.5679529579993,3185.572736,3186.5555399580007,3186.5555399580007,3186.5684560829995,3188.0856872080003,space,1.519187707999663,None,3188.0872455829995,3188.4902558746676,3188.7956146670003,3188.7789166250004,3188.7806539169997,3188.7956146670003,3188.7956146670003,3188.7956146670003,3190.4712592079995,707,1,[1.6752474999993865],[1.6752528750002966],01,001,2025-11-10_21h20.08.283,Intentional Binding,,2025.1.1,120.40250557617891,2025-11-10 21h20.37.757503 +0530,
0.4,1000,exp,376,8,23,space,1.716401957999551,None,240,1,[1.7750102500012872],[1.7750155419998919],23,8,376,14,3190.4766837080006,,3190.4714650000005,3190.4766837080006,3191.4673232919995,3191.4673232919995,3191.4742598329995,3193.18569425,space,1.716401957999551,None,3193.1870237919993,3193.590379749667,3193.895802125,3193.8790320419994,3193.8805500830003,3193.895802125,3193.895802125,3193.895802125,3195.671229042,240,1,[1.7750102500012872],[1.7750155419998919],01,001,2025-11-10_21h20.08.283,Intentional Binding,,2025.1.1,120.40250557617891,2025-11-10 21h20.37.757503 +0530,
0.7,1000,exp,377,9,23,space,0.5178319999995438,None,985,1,[1.5533389579995855],[1.5533442920004745],23,9,377,9,3195.676405708,,3195.6714267499992,3195.676405708,3196.667803417,3196.667803417,3196.675199333,3197.1924262499997,space,0.5178319999995438,None,3197.1934642079996,3197.9011750836676,3198.2079951670003,3198.189503166999,3198.1917081249994,3198.2079951670003,3198.2079951670003,3198.2079951670003,3199.7617205000006,985,1,[1.5533389579995855],[1.5533442920004745],01,001,2025-11-10_21h20.08.283,Intentional Binding,,2025.1.1,120.40250557617891,2025-11-10 21h20.37.757503 +0530,
0.1,400,unexp,378,10,23,space,4.847836458000529,None,563,1,[2.242516041998897],[2.2425210419987707],23,10,378,0,3199.7671718330002,,3199.761921208001,3199.7671718330002,3200.757665833,3200.757665833,3200.757665833,3205.6085184170006,space,4.847836458000529,None,3205.6096441249992,3205.718278499666,3206.0266496250006,3206.0065020420006,3206.00881775,3206.0266496250006,3206.0266496250006,3206.0266496250006,3208.2695587079997,563,1,[2.242516041998897],[2.2425210419987707],01,001,2025-11-10_21h20.08.283,Intentional Binding,,2025.1.1,120.40250557617891,2025-11-10 21h20.37.757503 +0530,
0.4,1000,exp,379,11,23,space,0.32748541700129863,None,439,1,[1.921481749999657],[1.9214868750004825],23,11,379,5,3208.2841004170004,,3208.2697595419995,3208.2841004170004,3209.268046583,3209.268046583,3209.2744681250006,3209.6028512499997,space,0.32748541700129863,None,3209.604187875,3210.0075779586664,3210.313026375001,3210.2960416669994,3210.297830292,3210.313026375001,3210.313026375001,3210.313026375001,3212.2349010830003,439,1,[1.921481749999657],[1.9214868750004825],01,001,2025-11-10_21h20.08.283,Intentional Binding,,2025.1.1,120.40250557617891,2025-11-10 21h20.37.757503 +0530,
0.1,1000,exp,380,12,23,space,13.049146957999255,None,813,1,[2.3633021249988815],[2.3633072920001723],23,12,380,4,3212.2406717079994,,3212.235125125,3212.2406717079994,3213.2251004169993,3213.2251004169993,3213.2345002500006,3226.2762270000003,space,13.049146957999255,None,3226.277473708,3226.3781859586675,3226.6920863329997,3226.673736125,3226.675672542,3226.6920863329997,3226.6920863329997,3226.6920863329997,3229.0557892920006,813,1,[2.3633021249988815],[2.3633072920001723],01,001,2025-11-10_21h20.08.283,Intentional Binding,,2025.1.1,120.40250557617891,2025-11-10 21h20.37.757503 +0530,
0.1,1000,exp,381,13,23,space,0.8135827919995791,None,165,1,[3.788886750000529],[3.7888922920010373],23,13,381,7,3229.061080583,,3229.056001125,3229.061080583,3230.052873208,3230.052873208,3230.052873208,3230.8702246249995,space,0.8135827919995791,None,3230.871591792,3230.974763624667,3231.2810443750004,3231.2634408329995,3231.2651963749995,3231.2810443750004,3231.2810443750004,3231.2810443750004,3235.0703381250005,165,1,[3.788886750000529],[3.7888922920010373],01,001,2025-11-10_21h20.08.283,Intentional Binding,,2025.1.1,120.40250557617891,2025-11-10 21h20.37.757503 +0530,
0.7,1000,exp,382,14,23,space,2.0574914170010743,None,525,1,[1.5697909580012492],[1.569796875000975],23,14,382,12,3235.0848448750003,,3235.0705382920005,3235.0848448750003,3236.0688523749996,3236.0688523749996,3236.0755786249993,3238.1278657500006,space,2.0574914170010743,None,3238.1292561249993,3238.835537041667,3239.142045417,3239.1240005420004,3239.1263270830004,3239.142045417,3239.142045417,3239.142045417,3240.712234208,525,1,[1.5697909580012492],[1.569796875000975],01,001,2025-11-10_21h20.08.283,Intentional Binding,,2025.1.1,120.40250557617891,2025-11-10 21h20.37.757503 +0530,
0.7,1000,exp,383,15,23,space,0.29654983399996127,None,309,1,[1.8018543750004028],[1.8018596660003823],23,15,383,6,3240.7182315419996,,3240.7124378749995,3240.7182315419996,3241.708837833001,3241.708837833001,3241.708837833001,3242.0098165,space,0.29654983399996127,None,3242.0109833330007,3242.7192349996662,3243.0270487079997,3243.007536917001,3243.00986525,3243.0270487079997,3243.0270487079997,3243.0270487079997,3244.829313,309,1,[1.8018543750004028],[1.8018596660003823],01,001,2025-11-10_21h20.08.283,Intentional Binding,,2025.1.1,120.40250557617891,2025-11-10 21h20.37.757503 +0530,
0.7,1000,exp,384,0,24,space,0.34296562500094296,None,745,1,[1.85308137499851],[1.853086290999272],24,0,384,12,3244.8349135829994,,3244.829510333,3244.8349135829994,3245.8265617079996,3245.8265617079996,3245.8265617079996,3246.18255625,space,0.34296562500094296,None,3246.183088375001,3246.885921208667,3247.1931001249995,3247.1741905,3247.1762292919993,3247.1931001249995,3247.1931001249995,3247.1931001249995,3249.046580208,745,1,[1.85308137499851],[1.853086290999272],01,001,2025-11-10_21h20.08.283,Intentional Binding,,2025.1.1,120.40250557617891,2025-11-10 21h20.37.757503 +0530,
0.1,400,unexp,385,1,24,space,0.6449126249990513,None,282,1,[3.353137166999659],[3.3531436670000403],24,1,385,0,3249.051824917,,3249.0467836669995,3249.051824917,3250.0435031670004,3250.0435031670004,3250.0435031670004,3250.6932345000005,space,0.6449126249990513,None,3250.6944315830006,3250.8026657916676,3251.1098122919993,3251.0911467919996,3251.0931639169994,3251.1098122919993,3251.1098122919993,3251.1098122919993,3254.463345792001,282,1,[3.353137166999659],[3.3531436670000403],01,001,2025-11-10_21h20.08.283,Intentional Binding,,2025.1.1,120.40250557617891,2025-11-10 21h20.37.757503 +0530,
0.4,1000,exp,386,2,24,space,3.4765232499994454,None,684,1,[4.087402333001592],[4.087407416000133],24,2,386,11,3254.4688004170002,,3254.4635445000004,3254.4688004170002,3255.4601779999994,3255.4601779999994,3255.4601779999994,3258.9476324999996,space,3.4765232499994454,None,3258.9481601669995,3259.3528052916668,3259.6584440419992,3259.6413493750006,3259.6432435000006,3259.6584440419992,3259.6584440419992,3259.6584440419992,3263.746238625001,684,1,[4.087402333001592],[4.087407416000133],01,001,2025-11-10_21h20.08.283,Intentional Binding,,2025.1.1,120.40250557617891,2025-11-10 21h20.37.757503 +0530,
0.4,400,unexp,387,3,24,space,0.6850628749998577,None,223,1,[2.8255137500000274],[2.8255194169996685],24,3,387,1,3263.7521685419997,,3263.7464374169995,3263.7521685419997,3264.7426125830007,3264.7426125830007,3264.7426125830007,3265.437971167001,space,0.6850628749998577,None,3265.4392379170004,3265.842404833666,3266.1491795830007,3266.1308882920002,3266.1326552499995,3266.1491795830007,3266.1491795830007,3266.1491795830007,3268.975094208001,223,1,[2.8255137500000274],[2.8255194169996685],01,001,2025-11-10_21h20.08.283,Intentional Binding,,2025.1.1,120.40250557617891,2025-11-10 21h20.37.757503 +0530,
0.7,1000,exp,388,4,24,space,1.235007458999462,None,955,1,[2.589898041000197],[2.5899030410000705],24,4,388,6,3268.9859386669996,,3268.9753076670004,3268.9859386669996,3269.969672667001,3269.969672667001,3269.9758720419995,3271.2106070419995,space,1.235007458999462,None,3271.2118050419995,3271.9197983746676,3272.2243345000006,3272.2083099579995,3272.2102531670007,3272.2243345000006,3272.2243345000006,3272.2243345000006,3274.8146287500003,955,1,[2.589898041000197],[2.5899030410000705],01,001,2025-11-10_21h20.08.283,Intentional Binding,,2025.1.1,120.40250557617891,2025-11-10 21h20.37.757503 +0530,
0.4,1000,exp,389,5,24,space,1.2505133750000823,None,192,1,[3.9782210829998803],[3.9782264579989715],24,5,389,8,3274.8213557500003,,3274.8148323330006,3274.8213557500003,3275.811233582999,3275.811233582999,3275.819152124999,3277.071216583001,space,1.2505133750000823,None,3277.072433583,3277.476086791667,3277.780004667,3277.7645942920008,3277.7661097500004,3277.780004667,3277.780004667,3277.780004667,3281.758617292,192,1,[3.9782210829998803],[3.9782264579989715],01,001,2025-11-10_21h20.08.283,Intentional Binding,,2025.1.1,120.40250557617891,2025-11-10 21h20.37.757503 +0530,
0.1,1000,exp,390,6,24,space,0.07889966599941545,None,219,1,[4.405569124999602],[4.405574290998629],24,6,390,7,3281.769513792,,3281.7588311670006,3281.769513792,3282.752919082999,3282.752919082999,3282.759395125,3282.838422250001,space,0.07889966599941545,None,3282.8398039999993,3282.942996916667,3283.2507084169993,3283.231968124999,3283.2340892499997,3283.2507084169993,3283.2507084169993,3283.2507084169993,3287.656667333,219,1,[4.405569124999602],[4.405574290998629],01,001,2025-11-10_21h20.08.283,Intentional Binding,,2025.1.1,120.40250557617891,2025-11-10 21h20.37.757503 +0530,
0.4,400,unexp,391,7,24,space,0.21649299999990035,None,304,1,[3.689031416999569],[3.689036792000479],24,7,391,2,3287.661892833001,,3287.6568698329993,3287.661892833001,3288.653521208,3288.653521208,3288.6599047500004,3288.8722437079996,space,0.21649299999990035,None,3288.8737567919998,3289.2763327916678,3289.581909208,3289.56529875,3289.5671884170006,3289.581909208,3289.581909208,3289.581909208,3293.2713345419997,304,1,[3.689031416999569],[3.689036792000479],01,001,2025-11-10_21h20.08.283,Intentional Binding,,2025.1.1,120.40250557617891,2025-11-10 21h20.37.757503 +0530,
0.4,1000,exp,392,8,24,space,0.14058166699942376,None,607,1,[2.065656041000693],[2.0656615830012015],24,8,392,5,3293.286524958001,,3293.271534542,3293.286524958001,3294.270252958,3294.270252958,3294.276688374999,3294.4219735419993,space,0.14058166699942376,None,3294.423211042,3294.8264992496665,3295.1314372920006,3295.1147347080005,3295.116530458001,3295.1314372920006,3295.1314372920006,3295.1314372920006,3297.1974986250007,607,1,[2.065656041000693],[2.0656615830012015],01,001,2025-11-10_21h20.08.283,Intentional Binding,,2025.1.1,120.40250557617891,2025-11-10 21h20.37.757503 +0530,
0.7,400,unexp,393,9,24,space,0.7865073749999283,None,370,1,[3.6315684159999364],[3.6315737909990276],24,9,393,3,3297.2030076249994,,3297.1976982079996,3297.2030076249994,3298.1935579580004,3298.1935579580004,3298.1935579580004,3298.9887223749993,space,0.7865073749999283,None,3298.9900676670004,3299.6933115836678,3299.999485667,3299.9817267920007,3299.983441708,3299.999485667,3299.999485667,3299.999485667,3303.6314535420006,370,1,[3.6315684159999364],[3.6315737909990276],01,001,2025-11-10_21h20.08.283,Intentional Binding,,2025.1.1,120.40250557617891,2025-11-10 21h20.37.757503 +0530,
0.7,1000,exp,394,10,24,space,0.060981374999755644,None,764,1,[2.343581290999282],[2.3435863750000863],24,10,394,9,3303.6382159580007,,3303.6316540419994,3303.6382159580007,3304.6270922919994,3304.6270922919994,3304.6270922919994,3304.6999852080007,space,0.060981374999755644,None,3304.700514708,3305.4040572086674,3305.7102617500004,3305.6924976249993,3305.6945317499994,3305.7102617500004,3305.7102617500004,3305.7102617500004,3308.054246042,764,1,[2.343581290999282],[2.3435863750000863],01,001,2025-11-10_21h20.08.283,Intentional Binding,,2025.1.1,120.40250557617891,2025-11-10 21h20.37.757503 +0530,
0.1,1000,exp,395,11,24,space,2.029734832998656,None,419,1,[1.5666302499994345],[1.5666357499994774],24,11,395,4,3308.0592180000003,,3308.054458625,3308.0592180000003,3309.0443722500004,3309.0443722500004,3309.0537734169993,3311.0783919999994,space,2.029734832998656,None,3311.079752083,3311.1778369166664,3311.4811030420005,3311.465409083001,3311.466915375,3311.4811030420005,3311.4811030420005,3311.4811030420005,3313.0481263750007,419,1,[1.5666302499994345],[1.5666357499994774],01,001,2025-11-10_21h20.08.283,Intentional Binding,,2025.1.1,120.40250557617891,2025-11-10 21h20.37.757503 +0530,
0.7,1000,exp,396,12,24,space,0.34126287499930186,None,899,1,[1.1390896249995421],[1.1390951659996063],24,12,396,15,3313.053474958,,3313.0483273749996,3313.053474958,3314.044051250001,3314.044051250001,3314.044051250001,3314.3891184580007,space,0.34126287499930186,None,3314.390492458,3315.0938359586676,3315.399441042,3315.382413707999,3315.38422,3315.399441042,3315.399441042,3315.399441042,3316.539447708001,899,1,[1.1390896249995421],[1.1390951659996063],01,001,2025-11-10_21h20.08.283,Intentional Binding,,2025.1.1,120.40250557617891,2025-11-10 21h20.37.757503 +0530,
0.1,1000,exp,397,13,24,space,2.7936158329994214,None,87,1,[2.3807571659999667],[2.3807644999997137],24,13,397,10,3316.553802208,,3316.5396440000004,3316.553802208,3317.537705125,3317.537705125,3317.5441217499992,3320.3397737079995,space,2.7936158329994214,None,3320.341271792,3320.4437920836667,3320.7507892920003,3320.7337785,3320.7355672920003,3320.7507892920003,3320.7507892920003,3320.7507892920003,3323.131949082999,87,1,[2.3807571659999667],[2.3807644999997137],01,001,2025-11-10_21h20.08.283,Intentional Binding,,2025.1.1,120.40250557617891,2025-11-10 21h20.37.757503 +0530,
0.1,1000,exp,398,14,24,space,0.058609249999790336,None,47,1,[3.03300441600004],[3.0330093749998923],24,14,398,13,3323.1371868330007,,3323.1321497080007,3323.1371868330007,3324.1286992919995,3324.1286992919995,3324.1286992919995,3324.189212667001,space,0.058609249999790336,None,3324.190575041999,3324.2940084586667,3324.5988494169997,3324.5823060830007,3324.5839607920007,3324.5988494169997,3324.5988494169997,3324.5988494169997,3327.6322362499996,47,1,[3.03300441600004],[3.0330093749998923],01,001,2025-11-10_21h20.08.283,Intentional Binding,,2025.1.1,120.40250557617891,2025-11-10 21h20.37.757503 +0530,
0.4,1000,exp,399,15,24,space,2.183449374999327,None,508,1,[2.1104199169985804],[2.110424916998454],24,15,399,14,3327.6386181670005,,3327.6324388329995,3327.6386181670005,3328.627863625001,3328.627863625001,3328.627863625001,3330.8129659999995,space,2.183449374999327,None,3330.8140243750004,3331.221392124666,3331.5274242079995,3331.509719042,3331.5116735419997,3331.5274242079995,3331.5274242079995,3331.5274242079995,3333.6382415000007,508,1,[2.1104199169985804],[2.110424916998454],01,001,2025-11-10_21h20.08.283,Intentional Binding,,2025.1.1,120.40250557617891,2025-11-10 21h20.37.757503 +0530,
